names,rehnquist,stevens,o'connor,scalia,kennedy,souter,thomas,ginsburg,breyer,roberts,alito,sotomayor,kagan,,rehnquist,stevens,o'connor,scalia,kennedy,souter,thomas,ginsburg,breyer,roberts,alito,sotomayor,kagan
Artuz v. Bennett,1,1,1,1,1,1,1,1,1,,,,,rehnquist,413,245,338,335,359,268,336,265,276,0,0,0,0
article=Cleveland v. United States (2000),1,1,1,1,1,1,1,1,1,,,,,stevens,245,821,305,457,537,593,434,656,660,256,213,69,0
Sinkfield v. Kelley,1,1,1,1,1,1,1,1,1,,,,,o'connor,338,305,438,317,348,331,306,320,339,23,0,0,0
Indianapolis v. Edmond,0,1,1,0,1,1,0,1,1,,,,,scalia,335,457,317,999,765,430,857,574,578,492,427,167,116
Eastern Associated Coal Corp. v. Mine Workers,1,1,1,0.5,1,1,0.5,1,1,,,,,kennedy,359,537,348,765,999,516,747,681,711,492,439,200,134
Bush v. Palm Beach County Canvassing Bd.,1,1,1,1,1,1,1,1,1,,,,,souter,268,593,331,430,516,729,435,639,614,207,185,0,0
Green Tree Financial Corp.-Ala. v. Randolph,1,1,1,1,1,1,1,1,1,,,,,thomas,336,434,306,857,747,435,999,564,563,468,440,164,111
Bush v. Gore,1,0,1,1,1,0,1,0,0,,,,,ginsburg,265,656,320,574,681,639,564,999,851,373,346,223,153
Solid Waste Agency of Northern Cook Cty. v. Army Corps of Engineers,1,0,1,1,1,0,1,0,0,,,,,breyer,276,660,339,578,711,614,563,851,999,390,378,226,152
Glover v. United States,1,1,1,1,1,1,1,1,1,,,,,roberts,0,256,23,492,492,207,468,373,390,586,476,193,127
Gitlitz v. Commissioner,1,1,1,1,1,1,1,1,0,,,,,alito,0,213,0,427,439,185,440,346,378,476,561,171,115
article=Fiore v. White (2001),1,1,1,1,1,1,1,1,1,,,,,sotomayor,0,69,0,167,200,0,164,223,226,193,171,270,156
Lopez v. Davis,0,0,1,1,0,1,1,1,1,,,,,kagan,0,0,0,116,134,0,111,153,152,127,115,156,178
Seling v. Young,1,0,1,1,1,1,0.5,1,1,,,,,,,,,,,,,,,,,,
"City News & Novelty, Inc. v. Waukesha",1,1,1,1,1,1,1,1,1,,,,,,,,,,,,,,,,,,
#NAME?,1,1,1,1,1,1,1,1,1,,,,,,,,,,,,,,,,,,
Brentwood Academy v. Tennessee Secondary School Athletic Assn.,0,1,1,0,0,1,0,1,1,,,,,,,,,,,,,,,,,,
Director of Revenue of Mo. v. CoBank ACB,1,1,1,1,1,1,1,1,1,,,,,,,,,,,,,,,,,,
Illinois v. McArthur,1,0,1,1,1,1,1,1,1,,,,,,,,,,,,,,,,,,
Buckman Co. v. Plaintiffs' Legal Comm.,1,0.5,1,1,1,1,0.5,1,1,,,,,,,,,,,,,,,,,,
Board of Trustees of Univ. of Ala. v. Garrett,1,0,1,1,1,0,1,0,0,,,,,,,,,,,,,,,,,,
Central Green Co. v. United States,1,1,1,1,1,1,1,1,1,,,,,,,,,,,,,,,,,,
"Lewis v. Lewis & Clark Marine, Inc.",1,1,1,1,1,1,1,1,1,,,,,,,,,,,,,,,,,,
"Whitman v. American Trucking Assns., Inc.",1,1,1,1,1,1,1,1,1,,,,,,,,,,,,,,,,,,
Semtek Int'l Inc. v. Lockheed Martin Corp.,1,1,1,1,1,1,1,1,1,,,,,,,,,,,,,,,,,,
Cook v. Gralike,0.5,1,0.5,1,1,1,1,1,1,,,,,,,,,,,,,,,,,,
Legal Services Corp. v. Velazquez,0,1,0,0,1,1,0,1,1,,,,,,,,,,,,,,,,,,
Department of Interior v. Klamath Water Users Protective Assn.,1,1,1,1,1,1,1,1,1,,,,,,,,,,,,,,,,,,
Ohio v. Reiner,1,1,1,1,1,1,1,1,1,,,,,,,,,,,,,,,,,,
"TrafFix Devices, Inc. v. Marketing Displays, Inc.",1,1,1,1,1,1,1,1,1,,,,,,,,,,,,,,,,,,
Shafer v. South Carolina,1,1,1,0,1,1,0,1,1,,,,,,,,,,,,,,,,,,
Buford v. United States,1,1,1,1,1,1,1,1,1,,,,,,,,,,,,,,,,,,
Ferguson v. City of Charleston,0,1,1,0,0.5,1,0,1,1,,,,,,,,,,,,,,,,,,
"Circuit City Stores, Inc. v. Adams",1,0,1,1,1,0,1,0,0,,,,,,,,,,,,,,,,,,
Egelhoff v. Egelhoff,1,0,1,1,1,1,1,1,0,,,,,,,,,,,,,,,,,,
Texas v. Cobb,1,0,1,1,1,0,1,0,0,,,,,,,,,,,,,,,,,,
"Lujan v. G & G Fire Sprinklers, Inc.",1,1,1,1,1,1,1,1,1,,,,,,,,,,,,,,,,,,
United States v. Cleveland Indians Baseball Co.,1,1,1,0.5,1,1,1,1,1,,,,,,,,,,,,,,,,,,
Shaw v. Murphy,1,1,1,1,1,1,1,1,1,,,,,,,,,,,,,,,,,,
Easley v. Cromartie,0,1,1,0,0,1,0,1,1,,,,,,,,,,,,,,,,,,
Clark County School Dist. v. Breeden,1,1,1,1,1,1,1,1,1,,,,,,,,,,,,,,,,,,
Alexander v. Sandoval,1,0,1,1,1,0,1,0,0,,,,,,,,,,,,,,,,,,
Atwater v. Lago Vista,1,0,0,1,1,1,1,0,0,,,,,,,,,,,,,,,,,,
Daniels v. United States,1,0,0,1,1,0,1,0,0,,,,,,,,,,,,,,,,,,
Lackawanna County District Attorney v. Coss,1,0,0,1,1,0,1,0,0,,,,,,,,,,,,,,,,,,
"C & L Enterprises, Inc. v. Citizen Band of Potawatomi Tribe of Okla.",1,1,1,1,1,1,1,1,1,,,,,,,,,,,,,,,,,,
"Cooper Industries, Inc. v. Leatherman Tool Group, Inc.",1,1,1,0.5,1,1,1,0,1,,,,,,,,,,,,,,,,,,
Rogers v. Tennessee,1,0,1,0,1,1,0,1,0,,,,,,,,,,,,,,,,,,
United States v. Oakland Cannabis Buyers' Cooperative,1,0.5,1,1,1,0.5,1,0.5,0.5,,,,,,,,,,,,,,,,,,
Major League Baseball Players Assn. v. Garvey,1,0,1,1,1,1,1,0.5,1,,,,,,,,,,,,,,,,,,
Bartnicki v. Vopper,0,1,1,0,1,1,0,1,1,,,,,,,,,,,,,,,,,,
United States v. Hatter,1,1,1,1,1,1,0,1,1,,,,,,,,,,,,,,,,,,
"Wharf (Holdings) Ltd. v. United Int'l Holdings, Inc.",1,1,1,1,1,1,1,1,1,,,,,,,,,,,,,,,,,,
"article=Buckhannon Board & Care Home, Inc. v. West Virginia Dept. of Health and Human Resources",1,0,1,1,1,0,1,0,0,,,,,,,,,,,,,,,,,,
Atkinson Trading Co. v. Shirley,1,1,1,1,1,1,1,1,1,,,,,,,,,,,,,,,,,,
"PGA TOUR, Inc. v. Martin",1,1,1,0,1,1,0,1,1,,,,,,,,,,,,,,,,,,
"NLRB v. Kentucky River Community Care, Inc.",1,1,1,1,1,1,1,1,1,,,,,,,,,,,,,,,,,,
Booth v. Churner,1,1,1,1,1,1,1,1,1,,,,,,,,,,,,,,,,,,
New Hampshire v. Maine,1,1,1,1,1,1,1,1,1,,,,,,,,,,,,,,,,,,
Becker v. Montgomery,1,1,1,1,1,1,1,1,1,,,,,,,,,,,,,,,,,,
Arkansas v. Sullivan,1,1,1,1,1,1,1,1,1,,,,,,,,,,,,,,,,,,
Florida v. Thomas,1,1,1,1,1,1,1,1,1,,,,,,,,,,,,,,,,,,
Penry v. Johnson,1,1,1,1,1,1,1,1,1,,,,,,,,,,,,,,,,,,
Norfolk Shipbuilding & Drylock Corp. v. Garris,1,1,1,1,1,1,1,1,1,,,,,,,,,,,,,,,,,,
"United Dominion Industries, Inc. v. United States",1,0,1,1,1,1,1,1,1,,,,,,,,,,,,,,,,,,
Pollard v. E. I. DuPont de Nemours & Co.,1,1,1,1,1,1,1,1,1,,,,,,,,,,,,,,,,,,
Kansas v. Colorado,1,1,1,1,1,1,1,1,1,,,,,,,,,,,,,,,,,,
Kyllo v. United States,0,0,0,1,0,1,1,1,1,,,,,,,,,,,,,,,,,,
Tuan Anh Nguyen v. INS,1,1,0,1,1,0,1,0,0,,,,,,,,,,,,,,,,,,
Good News Club v. Milford Central School,1,0,1,1,1,0,1,0,1,,,,,,,,,,,,,,,,,,
Alabama v. Bozeman,1,1,1,1,1,1,1,1,1,,,,,,,,,,,,,,,,,,
"Cedric Kushner Promotions, Ltd. v. King",1,1,1,1,1,1,1,1,1,,,,,,,,,,,,,,,,,,
Duncan v. Walker,1,0.5,1,1,1,1,1,0,0,,,,,,,,,,,,,,,,,,
Saucier v. Katz,1,0.5,1,1,1,1,1,0.5,0,,,,,,,,,,,,,,,,,,
United States v. Mead Corp.,1,1,1,0,1,1,1,1,1,,,,,,,,,,,,,,,,,,
Idaho v. United States,0,1,1,0,0,1,0,1,1,,,,,,,,,,,,,,,,,,
INS v. St. Cyr,0,1,0,0,1,1,0,1,1,,,,,,,,,,,,,,,,,,
Calcano-Martinez v. INS,0,1,0,0,1,1,0,1,1,,,,,,,,,,,,,,,,,,
Nevada v. Hicks,1,0.5,0.5,1,1,1,1,1,0.5,,,,,,,,,,,,,,,,,,
"United States v. United Foods, Inc.",1,1,0,1,1,1,1,0,0,,,,,,,,,,,,,,,,,,
Federal Election Comm'n v. Colorado Republican Federal Campaign Comm.,0,1,1,0,0,1,0,1,1,,,,,,,,,,,,,,,,,,
New York Times Co. v. Tasini,1,0,1,1,1,1,1,1,0,,,,,,,,,,,,,,,,,,
Lorillard Tobacco Co. v. Reilly,1,1,1,1,1,1,1,1,1,,,,,,,,,,,,,,,,,,
Palazzolo v. Rhode Island,1,1,1,1,1,0,1,0,0,,,,,,,,,,,,,,,,,,
Tyler v. Cain,1,0,1,1,1,0,1,0,0,,,,,,,,,,,,,,,,,,
Zadvydas v. Davis,0,1,1,0,0,1,0,1,1,,,,,,,,,,,,,,,,,,
United States Postal Service v. Gregory,1,1,1,1,1,1,1,0.5,1,,,,,,,,,,,,,,,,,,
TRW Inc. v. Andrews,1,1,1,0.5,1,1,0.5,1,1,,,,,,,,,,,,,,,,,,
Correctional Services Corp. v. Malesko,1,0,1,1,1,0,1,0,0,,,,,,,,,,,,,,,,,,
Chickasaw Nation v. United States,1,1,0,1,1,0,1,1,1,,,,,,,,,,,,,,,,,,
"Adarand Constructors, Inc. v. Mineta",1,1,1,1,1,1,1,1,1,,,,,,,,,,,,,,,,,,
United States v. Knights,1,1,1,1,1,1,1,1,1,,,,,,,,,,,,,,,,,,
"J. E. M. Ag Supply, Inc. v. Pioneer Hi-Bred International, Inc.",1,0,0,1,1,1,1,1,0,,,,,,,,,,,,,,,,,,
Stewart v. Smith,1,1,1,1,1,1,1,1,1,,,,,,,,,,,,,,,,,,
Dusenberry v. United States,1,0,1,1,1,0,1,0,0,,,,,,,,,,,,,,,,,,
"Toyota Motor Mfg., Ky., Inc. v. Williams",1,1,1,1,1,1,1,1,1,,,,,,,,,,,,,,,,,,
Great-West Life & Annuity Ins. Co. v. Knudson,1,0,1,1,1,0,1,0,0,,,,,,,,,,,,,,,,,,
"Chao v. Mallard Bay Drilling, Inc.",1,1,1,1,1,1,1,1,1,,,,,,,,,,,,,,,,,,
Kelly v. South Carolina,0,1,1,0,0,1,0,1,1,,,,,,,,,,,,,,,,,,
United States v. Arvizu,1,1,1,1,1,1,1,1,1,,,,,,,,,,,,,,,,,,
"EEOC v. Waffle House, Inc.",0,1,1,0,1,1,0,1,1,,,,,,,,,,,,,,,,,,
Thomas v. Chicago Park Dist.,1,1,1,1,1,1,1,1,1,,,,,,,,,,,,,,,,,,
"National Cable & Telecommunications Assn., Inc. v. Gulf Power Co.",1,1,1,1,1,1,1,1,1,,,,,,,,,,,,,,,,,,
Lee v. Kemna,1,1,1,0,0,1,0,1,1,,,,,,,,,,,,,,,,,,
Kansas v. Crane,1,1,1,0,1,1,0,1,1,,,,,,,,,,,,,,,,,,
Owasso Independent School Dist. No. I-011 v. Falvo,1,1,1,0.5,1,1,1,1,1,,,,,,,,,,,,,,,,,,
Barnhart v. Sigmon Coal Co.,1,0,0,1,1,1,1,1,0,,,,,,,,,,,,,,,,,,
Wisconsin Dept. of Health and Family Servs. v. Blumer,1,0,0,0,1,1,1,1,1,,,,,,,,,,,,,,,,,,
Swierkiewicz v. Sorema N. A.,1,1,1,1,1,1,1,1,1,,,,,,,,,,,,,,,,,,
Porter v. Nussle,1,1,1,1,1,1,1,1,1,,,,,,,,,,,,,,,,,,
Raygor v. Regents of Univ. of Minn.,1,0,1,1,1,0,1,0.5,0,,,,,,,,,,,,,,,,,,
New York v. FERC,1,1,1,1,1,1,1,1,1,,,,,,,,,,,,,,,,,,
Young v. United States,1,1,1,1,1,1,1,1,1,,,,,,,,,,,,,,,,,,
United States v. Vonn,1,1,1,1,1,1,1,1,1,,,,,,,,,,,,,,,,,,
"Ragsdale v. Wolverine World Wide, Inc.",1,1,0,1,1,0,1,0,0,,,,,,,,,,,,,,,,,,
Edelman v. Lynchburg College,1,1,0.5,0.5,1,1,1,1,1,,,,,,,,,,,,,,,,,,
Department of Housing and Urban Development v. Rucker,1,1,1,1,1,1,1,1,1,,,,,,,,,,,,,,,,,,
"Hoffman Plastic Compounds, Inc. v. NLRB",1,0,1,1,1,0,1,0,0,,,,,,,,,,,,,,,,,,
Mickens v. Taylor,1,0,1,1,1,0,1,0,0,,,,,,,,,,,,,,,,,,
Barnhart v. Walton,1,1,1,1,1,1,1,1,1,,,,,,,,,,,,,,,,,,
#NAME?,1,1,1,1,1,1,1,1,1,,,,,,,,,,,,,,,,,,
Sao Paulo State of Federative Republic of Brazil v. American Tobacco Co.,1,1,1,1,1,1,1,1,1,,,,,,,,,,,,,,,,,,
Ashcroft v. Free Speech Coalition,0,1,0,0,1,1,0.5,1,1,,,,,,,,,,,,,,,,,,
United States v. Craft,1,0,1,0,1,1,0,1,1,,,,,,,,,,,,,,,,,,
"Tahoe-Sierra Preservation Council, Inc. v. Tahoe Regional Planning Agency",0,1,1,0,1,1,0,1,1,,,,,,,,,,,,,,,,,,
Thompson v. Western States Medical Center,0,0,1,1,1,1,1,0,0,,,,,,,,,,,,,,,,,,
"US Airways, Inc. v. Barnett",1,1,1,0,1,0,0,0,1,,,,,,,,,,,,,,,,,,
"Los Angeles v. Alameda Books, Inc.",1,0,0,1,0.5,0,1,0,0,,,,,,,,,,,,,,,,,,
Verizon Communications Inc. v. FCC,1,1,1,1,1,1,1,1,0,,,,,,,,,,,,,,,,,,
Ashcroft v. American Civil Liberties Union,1,0,1,1,0.5,0.5,0.5,0.5,1,,,,,,,,,,,,,,,,,,
Lapides v. Board of Regents of Univ. System of Ga.,1,1,1,1,1,1,1,1,1,,,,,,,,,,,,,,,,,,
United States v. Cotton,1,1,1,1,1,1,1,1,1,,,,,,,,,,,,,,,,,,
Verizon Md. Inc. v. Public Serv. Comm'n of Md.,1,1,1,1,1,1,1,1,1,,,,,,,,,,,,,,,,,,
Alabama v. Shelton,0,1,1,0,0,1,0,1,1,,,,,,,,,,,,,,,,,,
#NAME?,1,1,1,1,1,1,1,1,1,,,,,,,,,,,,,,,,,,
Bell v. Cone,1,0,1,1,1,1,1,1,1,,,,,,,,,,,,,,,,,,
Festo Corp. v. Shoketsu Kinzoku Kogyo Kabushiki Co.,1,1,1,1,1,1,1,1,1,,,,,,,,,,,,,,,,,,
Federal Maritime Comm'n v. South Carolina Ports Authority,1,0,1,1,1,0,1,0,0,,,,,,,,,,,,,,,,,,
Gisbrecht v. Barnhart,1,1,1,0,1,1,1,1,1,,,,,,,,,,,,,,,,,,
SEC v. Zandford,1,1,1,1,1,1,1,1,1,,,,,,,,,,,,,,,,,,
"Holmes Group, Inc. v. Vornado Air Circulation Systems, Inc.",1,1,0.5,1,1,1,1,0.5,1,,,,,,,,,,,,,,,,,,
Devlin v. Scardelletti,1,1,1,0,0,1,0,1,1,,,,,,,,,,,,,,,,,,
McKune v. Lile,1,0,0.5,1,1,0,1,0,0,,,,,,,,,,,,,,,,,,
Chevron U. S. A. Inc. v. Echazabal,1,1,1,1,1,1,1,1,1,,,,,,,,,,,,,,,,,,
JPMorgan Chase Bank v. Traffic Stream (BVI) Infrastructure Ltd.,1,1,1,1,1,1,1,1,1,,,,,,,,,,,,,,,,,,
National Railroad Passenger Corporation v. Morgan,1,1,1,1,1,1,1,1,1,,,,,,,,,,,,,,,,,,
Franconia Associates v. United States,1,1,1,1,1,1,1,1,1,,,,,,,,,,,,,,,,,,
"Watchtower Bible & Tract Soc. of N. Y., Inc. v. Village of Stratton",0,1,1,0.5,1,1,0.5,1,1,,,,,,,,,,,,,,,,,,
Barnes v. Gorman,1,0.5,1,1,1,1,1,0.5,0.5,,,,,,,,,,,,,,,,,,
United States v. Drayton,1,0,1,1,1,0,1,0,1,,,,,,,,,,,,,,,,,,
Carey v. Saffold,0,1,1,0,0,1,0,1,1,,,,,,,,,,,,,,,,,,
"United States v. Fior D'Italia, Inc.",1,1,1,0,1,0,0,1,1,,,,,,,,,,,,,,,,,,
Horn v. Banks,1,1,1,1,1,1,1,1,1,,,,,,,,,,,,,,,,,,
Gonzaga University v. Doe,1,0,1,1,1,0.5,1,0,0.5,,,,,,,,,,,,,,,,,,
Atkins v. Virginia,0,1,1,0,1,1,0,1,1,,,,,,,,,,,,,,,,,,
"Rush Prudential HMO, Inc. v. Moran",0,1,1,0,0,1,0,1,1,,,,,,,,,,,,,,,,,,
Christopher v. Harbury,1,1,1,1,1,1,0.5,1,1,,,,,,,,,,,,,,,,,,
"City of Columbus v. Ours Garage & Wrecker Service, Inc.",1,1,0,0,1,1,1,1,1,,,,,,,,,,,,,,,,,,
Utah v. Evans,1,1,1,0,0,1,0,1,1,,,,,,,,,,,,,,,,,,
BE&K Construction Co. v. NLRB,1,0.5,1,1,1,0.5,1,0.5,0.5,,,,,,,,,,,,,,,,,,
Harris v. United States,1,0,1,1,1,0,0,0,1,,,,,,,,,,,,,,,,,,
Ring v. Arizona,0,1,0,1,1,1,1,1,0.5,,,,,,,,,,,,,,,,,,
United States v. Ruiz,1,1,1,1,1,1,0.5,1,1,,,,,,,,,,,,,,,,,,
Kirk v. Louisiana,1,1,1,1,1,1,1,1,1,,,,,,,,,,,,,,,,,,
Zelman v. Simmons-Harris,1,0,1,1,1,0,1,0,0,,,,,,,,,,,,,,,,,,
Hope v. Pelzer,0,1,1,0,1,1,0,1,1,,,,,,,,,,,,,,,,,,
Republican Party of Minnesota v. White,1,0,1,1,1,0,1,0,0,,,,,,,,,,,,,,,,,,
Board of Ed. of Independent School Dist. No. 92 of Pottawatomie Cty. v. Earls,1,0,0,1,1,0,1,0,1,,,,,,,,,,,,,,,,,,
Stewart v. Smith,1,1,1,1,1,1,1,1,1,,,,,,,,,,,,,,,,,,
United States v. Bass,1,1,1,1,1,1,1,1,1,,,,,,,,,,,,,,,,,,
#NAME?,1,1,1,1,1,1,1,1,1,,,,,,,,,,,,,,,,,,
Early v. Packer,1,1,1,1,1,1,1,1,1,,,,,,,,,,,,,,,,,,
INS v. Ventura,1,1,1,1,1,1,1,1,1,,,,,,,,,,,,,,,,,,
Woodford v. Visciotti,1,1,1,1,1,1,1,1,1,,,,,,,,,,,,,,,,,,
"Syngenta Crop Protection, Inc. v. Henson",1,1,1,1,1,1,1,1,1,,,,,,,,,,,,,,,,,,
"Yellow Transportation, Inc. v. Michigan",1,0.5,1,1,1,1,1,1,1,,,,,,,,,,,,,,,,,,
Sprietsma v. Mercury Marine,1,1,1,1,1,1,1,1,1,,,,,,,,,,,,,,,,,,
United States v. Bean,1,1,1,1,1,1,1,1,1,,,,,,,,,,,,,,,,,,
"Howsam v. Dean Witter Reynolds, Inc.",1,1,1,1,1,1,0.5,1,1,,,,,,,,,,,,,,,,,,
=Abdur'Rahman v. Bell,1,0,1,1,1,1,1,1,1,,,,,,,,,,,,,,,,,,
#NAME?,1,1,1,1,1,1,1,1,1,,,,,,,,,,,,,,,,,,
Sattazahn v. Pennsylvania,1,0,1,1,1,0,1,0,0,,,,,,,,,,,,,,,,,,
Pierce County v. Guillen,1,1,1,1,1,1,1,1,1,,,,,,,,,,,,,,,,,,
Barnhart v. Peabody Coal Co.,1,1,0,0,1,1,0,1,1,,,,,,,,,,,,,,,,,,
Eldred v. Ashcroft,1,0,1,1,1,1,1,1,0,,,,,,,,,,,,,,,,,,
United States v. Jimenez Recio,1,0,1,1,1,1,1,1,1,,,,,,,,,,,,,,,,,,
Meyer v. Holley,1,1,1,1,1,1,1,1,1,,,,,,,,,,,,,,,,,,
"FCC v. NextWave Personal Communications, Inc.",1,1,1,1,1,1,1,1,0,,,,,,,,,,,,,,,,,,
Miller-El v. Cockrell,1,1,1,1,1,1,0,1,1,,,,,,,,,,,,,,,,,,
Washington State Dept. of Social and Health Servs. v. Guardianship Estate of Keffeler,1,1,1,1,1,1,1,1,1,,,,,,,,,,,,,,,,,,
article=Scheidler v. National Organization for Women (2003),1,0,1,1,1,1,1,1,1,,,,,,,,,,,,,,,,,,
"Moseley v. V Secret Catalogue, Inc.",1,1,1,1,1,1,1,1,1,,,,,,,,,,,,,,,,,,
Boeing Co. v. United States,1,1,1,0,1,1,0,1,1,,,,,,,,,,,,,,,,,,
United States v. White Mountain Apache Tribe,0,1,1,0,0,1,0,1,1,,,,,,,,,,,,,,,,,,
article=United States v. Navajo Nation (2003),1,0,0,1,1,0,1,1,1,,,,,,,,,,,,,,,,,,
Clay v. United States,1,1,1,1,1,1,1,1,1,,,,,,,,,,,,,,,,,,
Connecticut Dept. of Public Safety v. Doe,1,0.5,1,1,1,1,1,1,1,,,,,,,,,,,,,,,,,,
Ewing v. California,1,0,0,0.5,1,0,0.5,0,0,,,,,,,,,,,,,,,,,,
Lockyer v. Andrade,1,0,1,1,1,0,1,0,0,,,,,,,,,,,,,,,,,,
Smith v. Doe,1,0,1,1,1,0.5,1,0,0,,,,,,,,,,,,,,,,,,
Cook County v. United States ex rel Chandler,1,1,1,1,1,1,1,1,1,,,,,,,,,,,,,,,,,,
Norfolk & Western R. Co. v. Ayers,1,1,1,1,1,1,1,1,1,,,,,,,,,,,,,,,,,,
Cuyahoga Falls v. Buckeye Community Hope Foundation,1,1,1,1,1,1,1,1,1,,,,,,,,,,,,,,,,,,
Woodford v. Garceau,1,1,0.5,1,1,0,1,0,0,,,,,,,,,,,,,,,,,,
Brown v. Legal Foundation of Washington,0,1,1,0,0,1,0,1,1,,,,,,,,,,,,,,,,,,
Branch v. Smith,1,1,1,1,1,1,1,1,1,,,,,,,,,,,,,,,,,,
Archer v. Warner,1,0,1,1,1,1,0,1,1,,,,,,,,,,,,,,,,,,
"Kentucky Assn. of Health Plans, Inc. v. Miller",1,1,1,1,1,1,1,1,1,,,,,,,,,,,,,,,,,,
Virginia v. Black,1,1,1,1,0,0,0,0,1,,,,,,,,,,,,,,,,,,
"PacifiCare Health Systems, Inc. v. Book",1,1,1,1,1,1,1,1,1,,,,,,,,,,,,,,,,,,
State Farm Mut. Automobile Ins. Co. v. Campbell,1,1,1,0,1,1,0,0,1,,,,,,,,,,,,,,,,,,
"Clackamas Gastroenterology Associates, P.C. v. Wells",1,1,1,1,1,1,1,0,0,,,,,,,,,,,,,,,,,,
Jinks v. Richland County,1,1,1,1,1,1,1,1,1,,,,,,,,,,,,,,,,,,
Dole Food Co. v. Patrickson,1,1,1,1,1,1,1,1,1,,,,,,,,,,,,,,,,,,
Franchise Tax Bd. of Cal. v. Hyatt,1,1,1,1,1,1,1,1,1,,,,,,,,,,,,,,,,,,
Massaro v. United States,1,1,1,1,1,1,1,1,1,,,,,,,,,,,,,,,,,,
Demore v. Kim,1,1,1,1,1,1,1,1,1,,,,,,,,,,,,,,,,,,
Roell v. Withrow,1,0,1,0,0,1,0,1,1,,,,,,,,,,,,,,,,,,
"Illinois ex rel. Madigan v. Telemarketing Assoc., Inc.",1,1,1,1,1,1,1,1,1,,,,,,,,,,,,,,,,,,
Kaupp v. Texas,1,1,1,1,1,1,1,1,1,,,,,,,,,,,,,,,,,,
Price v. Vincent,1,1,1,1,1,1,1,1,1,,,,,,,,,,,,,,,,,,
Pharmaceutical Research and Mfrs. of America v. Walsh,1,1,1,0.5,1,1,0.5,1,1,,,,,,,,,,,,,,,,,,
"Breuer v. Jim's Concrete of Brevard, Inc.",1,1,1,1,1,1,1,1,1,,,,,,,,,,,,,,,,,,
Inyo County v. Pauite-Shoshone Indians of Bishop Community of Bishop Colony,1,0.5,1,1,1,1,1,1,1,,,,,,,,,,,,,,,,,,
Los Angeles v. David,1,1,1,1,1,1,1,1,1,,,,,,,,,,,,,,,,,,
Nevada Dept. of Human Resources v. Hibbs,1,0.5,1,0,0,1,0,1,1,,,,,,,,,,,,,,,,,,
Chavez v. Martinez,1,1,1,1,1,1,1,1,1,,,,,,,,,,,,,,,,,,
National Park Hospitality Assn. v. Department of Interior,1,0.5,0,1,1,1,1,1,0,,,,,,,,,,,,,,,,,,
Black & Decker Disability Plan v. Nord,1,1,1,1,1,1,1,1,1,,,,,,,,,,,,,,,,,,
Bunkley v. Florida,0,1,1,1,0,1,0,1,1,,,,,,,,,,,,,,,,,,
Beneficial National Bank v. Anderson,1,1,1,0,1,1,0,1,1,,,,,,,,,,,,,,,,,,
Dastar Corp. v. Twentieth Century Fox Film Corp.,1,1,1,1,1,1,1,1,1,,,,,,,,,,,,,,,,,,
"Entergy La., Inc. v. Louisiana Pub. Serv. Comm'n",1,1,1,1,1,1,1,1,1,,,,,,,,,,,,,,,,,,
"Citizens Bank v. Alafabco, Inc.",1,1,1,1,1,1,1,1,1,,,,,,,,,,,,,,,,,,
"Hillside Dairy, Inc. v. Lyons",1,1,1,1,1,1,1,1,1,,,,,,,,,,,,,,,,,,
Nguyen v. United States,0,1,1,0,1,1,1,0,0,,,,,,,,,,,,,,,,,,
"Desert Palace, Inc. v. Costa",1,1,1,1,1,1,1,1,1,,,,,,,,,,,,,,,,,,
Fitzgerald v. Racing Association of Central Iowa,1,1,1,1,1,1,1,1,1,,,,,,,,,,,,,,,,,,
#NAME?,1,1,1,1,1,1,1,1,1,,,,,,,,,,,,,,,,,,
Virginia v. Hicks,1,1,1,1,1,1,1,1,1,,,,,,,,,,,,,,,,,,
Overton v. Bazzetta,1,1,1,0.5,1,1,0.5,1,1,,,,,,,,,,,,,,,,,,
Federal Election Commission v. Beaumont,1,1,1,0,0.5,1,0,1,1,,,,,,,,,,,,,,,,,,
Sell v. United States,1,1,0,0,1,1,0,1,1,,,,,,,,,,,,,,,,,,
"United States v. American Library Association, Inc.",1,0,1,1,0.5,0,1,0,0.5,,,,,,,,,,,,,,,,,,
Gratz v. Bollinger,1,0,1,1,1,0,1,0,0.5,,,,,,,,,,,,,,,,,,
Grutter v. Bollinger,0,1,1,1,0,1,1,1,1,,,,,,,,,,,,,,,,,,
American Insurance Association v. Garamendi,1,0,1,0,1,1,0,0,1,,,,,,,,,,,,,,,,,,
Green Tree Financial Corp. v. Bazzle,0,0,0,1,0,1,0,1,1,,,,,,,,,,,,,,,,,,
Georgia v. Ashcroft,1,0,1,1,1,0,1,0,0,,,,,,,,,,,,,,,,,,
Wiggins v. Smith,1,1,1,0,1,1,0,1,1,,,,,,,,,,,,,,,,,,
Lawrence v. Texas,0,1,0.5,0,1,1,0,1,1,,,,,,,,,,,,,,,,,,
Stogner v. California,0,1,1,0,0,1,0,1,1,,,,,,,,,,,,,,,,,,
"Nike, Inc. v. Kasky",1,1,0,1,0,1,1,1,0,,,,,,,,,,,,,,,,,,
Yarborough v. Gentry,1,1,1,1,1,1,1,1,1,,,,,,,,,,,,,,,,,,
Mitchell v. Esparza,1,1,1,1,1,1,1,1,1,,,,,,,,,,,,,,,,,,
Barnhart v. Thomas,1,1,1,1,1,1,1,1,1,,,,,,,,,,,,,,,,,,
United States v. Banks,1,1,1,1,1,1,1,1,1,,,,,,,,,,,,,,,,,,
Raytheon Co. v. Hernandez,1,1,1,1,1,1,1,1,1,,,,,,,,,,,,,,,,,,
Virginia v. Maryland,1,0,1,1,0,1,1,1,1,,,,,,,,,,,,,,,,,,
McConnell v. Federal Election Commission,1,1,1,1,1,1,1,1,1,,,,,,,,,,,,,,,,,,
Maryland v. Pringle,1,1,1,1,1,1,1,1,1,,,,,,,,,,,,,,,,,,
Castro v. United States,1,1,1,1,1,1,1,1,1,,,,,,,,,,,,,,,,,,
SEC v. Edwards,1,1,1,1,1,1,1,1,1,,,,,,,,,,,,,,,,,,
"Verizon Comm., Inc. v. Law Offices of Curtis V. Trinko, LLP",1,0.5,1,1,1,0.5,0.5,1,1,,,,,,,,,,,,,,,,,,
Illinois v. Lidster,1,1,1,1,1,1,1,1,1,,,,,,,,,,,,,,,,,,
Frew v. Hawkins,1,1,1,1,1,1,1,1,1,,,,,,,,,,,,,,,,,,
Kontrick v. Ryan,1,1,1,1,1,1,1,1,1,,,,,,,,,,,,,,,,,,
Alaska Dep't of Envtl. Conservation v. EPA,0,1,1,0,0,1,0,1,1,,,,,,,,,,,,,,,,,,
Fellers v. United States,1,1,1,1,1,1,1,1,1,,,,,,,,,,,,,,,,,,
Lamie v. United States Trustee,1,0.5,1,1,1,1,1,1,1,,,,,,,,,,,,,,,,,,
Illinois v. Fisher,1,0.5,1,1,1,1,1,1,1,,,,,,,,,,,,,,,,,,
Groh v. Ramirez,0,1,1,0,0,1,0,1,1,,,,,,,,,,,,,,,,,,
General Dynamics Land System v. Cline,1,1,1,0,0,1,0,1,1,,,,,,,,,,,,,,,,,,
Doe v. Chao,1,0,1,1,1,1,1,0,0,,,,,,,,,,,,,,,,,,
Olympic Airways v. Husain,1,1,0,0,1,1,1,1,1,,,,,,,,,,,,,,,,,,
Banks v. Dretke,1,1,1,1,1,1,1,1,1,,,,,,,,,,,,,,,,,,
Locke v. Davey,1,1,1,0,1,1,0,1,1,,,,,,,,,,,,,,,,,,
United States Postal Serv. v. Flamingo Indus. (USA) Ltd.,1,1,1,1,1,1,1,1,1,,,,,,,,,,,,,,,,,,
Muhammad v. Close,1,1,1,1,1,1,1,1,1,,,,,,,,,,,,,,,,,,
"Raymond B. Yates, M.D., P.C. Profit Sharing Plan v. Hendon",1,1,1,0.5,1,1,0.5,1,1,,,,,,,,,,,,,,,,,,
Baldwin v. Reese,1,0,1,1,1,1,1,1,1,,,,,,,,,,,,,,,,,,
Crawford v. Washington,0.5,1,0.5,1,1,1,1,1,1,,,,,,,,,,,,,,,,,,
Iowa v. Tovar,1,1,1,1,1,1,1,1,1,,,,,,,,,,,,,,,,,,
S. Fla. Water Mgmt. Dist. v. Miccosukee Tribe of Indians,1,1,1,1,1,1,1,1,1,,,,,,,,,,,,,,,,,,
United States v. Galletti,1,1,1,1,1,1,1,1,1,,,,,,,,,,,,,,,,,,
Nixon v. Missouri Municipal League,1,0,1,0.5,1,1,0.5,1,1,,,,,,,,,,,,,,,,,,
United States v. Flores-Montano,1,1,1,1,1,1,1,1,1,,,,,,,,,,,,,,,,,,
Nat'l Archives & Records Admin. v. Favish,1,1,1,1,1,1,1,1,1,,,,,,,,,,,,,,,,,,
"BedRoc Ltd., LLC v. United States",1,0,1,1,1,0,0.5,0,0.5,,,,,,,,,,,,,,,,,,
United States v. Lara,1,1,1,0,0.5,0,0.5,1,1,,,,,,,,,,,,,,,,,,
Household Credit Servs. v. Pfennig,1,1,1,1,1,1,1,1,1,,,,,,,,,,,,,,,,,,
Engine Mfrs. Ass'n v. S. Coast Air Quality Mgmt. Dist.,1,1,1,1,1,0,1,1,1,,,,,,,,,,,,,,,,,,
Vieth v. Jubelirer,1,0,1,1,0.5,0,1,0,0,,,,,,,,,,,,,,,,,,
Jones v. R. R. Donnelley & Sons Co.,1,1,1,1,1,1,1,1,1,,,,,,,,,,,,,,,,,,
Dretke v. Haley,1,0,1,1,0,0,1,1,1,,,,,,,,,,,,,,,,,,
Scarborough v. Principi,1,1,1,0,1,1,0,1,1,,,,,,,,,,,,,,,,,,
Johnson v. California,1,1,1,1,1,1,1,1,1,,,,,,,,,,,,,,,,,,
Middleton v. McNeil,1,1,1,1,1,1,1,1,1,,,,,,,,,,,,,,,,,,
Tennessee Student Assistance Corp. v. Hood,1,1,1,0,1,1,0,1,1,,,,,,,,,,,,,,,,,,
Till v. SCS Credit Corp.,0,0,0,0,0,1,0.5,1,1,,,,,,,,,,,,,,,,,,
Tennessee v. Lane,0,1,1,0,0,1,0,1,1,,,,,,,,,,,,,,,,,,
"Grupo Dataflux v. Atlas Global Group, L.P.",1,0,1,1,1,0,1,0,0,,,,,,,,,,,,,,,,,,
Sabri v. United States,1,1,1,1,1,1,0.5,1,1,,,,,,,,,,,,,,,,,,
Thornton v. United States,1,0,1,0.5,1,0,1,0.5,1,,,,,,,,,,,,,,,,,,
Nelson v. Campbell,1,1,1,1,1,1,1,1,1,,,,,,,,,,,,,,,,,,
Yarborough v. Alvarado,1,0,1,1,1,0,1,0,0,,,,,,,,,,,,,,,,,,
Republic of Austria v. Altmann,0,1,1,1,0,1,0,1,1,,,,,,,,,,,,,,,,,,
Central Laborers' Pension Fund v. Heinz,1,1,1,1,1,1,1,1,1,,,,,,,,,,,,,,,,,,
DOT v. Pub. Citizen,1,1,1,1,1,1,1,1,1,,,,,,,,,,,,,,,,,,
"City of Littleton v. Z. J. Gifts D-4, L.L.C.",1,1,1,0.5,1,1,1,1,1,,,,,,,,,,,,,,,,,,
Elk Grove Unified Sch. Dist. v. Newdow,0.5,1,0.5,0.5,1,1,0.5,1,1,,,,,,,,,,,,,,,,,,
Norton v. S. Utah Wilderness Alliance,1,1,1,1,1,1,1,1,1,,,,,,,,,,,,,,,,,,
United States v. Dominguez Benitez,1,1,1,0.5,1,1,1,1,1,,,,,,,,,,,,,,,,,,
Hibbs v. Winn,0,1,1,0,0,1,0,1,1,,,,,,,,,,,,,,,,,,
Pennsylvania State Police v. Suders,1,1,1,1,1,1,0,1,1,,,,,,,,,,,,,,,,,,
F. Hoffmann-La Roche Ltd v. Empagran S. A.,1,1,1,0.5,1,1,0.5,1,1,,,,,,,,,,,,,,,,,,
Hiibel v. Sixth Judicial District Court of Nevada,1,0,1,1,1,0,1,0,0,,,,,,,,,,,,,,,,,,
Aetna Health Inc. v. Davila,1,1,1,1,1,1,1,1,1,,,,,,,,,,,,,,,,,,
Pliler v. Ford,1,0.5,1,1,1,0.5,1,0,0,,,,,,,,,,,,,,,,,,
"Intel Corp. v. Advanced Micro Devices, Inc.",1,1,1,0.5,1,1,1,1,0,,,,,,,,,,,,,,,,,,
Tennard v. Dretke,0,1,1,0,1,1,0,1,1,,,,,,,,,,,,,,,,,,
Blakely v. Washington,0,1,0,1,0,1,1,1,0,,,,,,,,,,,,,,,,,,
Schriro v. Summerlin,1,0,1,1,1,0,1,0,0,,,,,,,,,,,,,,,,,,
Cheney v. United States District Court,1,1,1,1,1,0,1,0,1,,,,,,,,,,,,,,,,,,
Beard v. Banks,1,0,1,1,1,0,1,0,0,,,,,,,,,,,,,,,,,,
Rumsfeld v. Padilla,1,0,1,1,1,0,1,0,0,,,,,,,,,,,,,,,,,,
Rasul v. Bush,0,1,1,0,0.5,1,0,1,1,,,,,,,,,,,,,,,,,,
Hamdi v. Rumsfeld,1,0,0,0,1,0,0,0,1,,,,,,,,,,,,,,,,,,
Missouri v. Seibert,0,1,0,0,0.5,0.5,0,1,1,,,,,,,,,,,,,,,,,,
United States v. Patane,1,0,0.5,1,0.5,0,0,0,0,,,,,,,,,,,,,,,,,,
Holland v. Jackson,1,0,1,1,1,0,1,0,0,,,,,,,,,,,,,,,,,,
Ashcroft v. American Civil Liberties Union,0,1,0,0,1,1,1,1,0,,,,,,,,,,,,,,,,,,
Sosa v. Alvarez-Machain,1,1,1,1,1,1,1,1,1,,,,,,,,,,,,,,,,,,
Leocal v. Ashcroft,1,1,1,1,1,1,1,1,1,,,,,,,,,,,,,,,,,,
"Norfolk Southern Ry. v. James N. Kirby, Pty Ltd.",1,1,1,1,1,1,1,1,1,,,,,,,,,,,,,,,,,,
article=2004 term per curiam opinions of the Supreme Court of the United States#Smith v. Texas,1,1,1,0,1,1,0,1,1,,,,,,,,,,,,,,,,,,
"Koons Buick Pontiac GMC, Inc. v. Nigh",1,1,1,0,1,1,0.5,1,1,,,,,,,,,,,,,,,,,,
City of San Diego v. Roe,1,1,1,1,1,1,1,1,1,,,,,,,,,,,,,,,,,,
Kansas v. Colorado,1,1,1,1,1,1,1,1,1,,,,,,,,,,,,,,,,,,
"KP Permanent Make-Up, Inc. v. Lasting Impression I, Inc.",1,1,1,1,1,1,1,1,1,,,,,,,,,,,,,,,,,,
Kowalski v. Tesmer,1,0,1,1,1,0,1,0,1,,,,,,,,,,,,,,,,,,
Devenpeck v. Alford,1,1,1,1,1,1,1,1,1,,,,,,,,,,,,,,,,,,
Cooper Indus. v. Aviall Servs.,1,0,1,1,1,1,1,0,1,,,,,,,,,,,,,,,,,,
Florida v. Nixon,1,1,1,1,1,1,1,1,1,,,,,,,,,,,,,,,,,,
Brosseau v. Haugen,1,0,1,1,1,1,1,1,1,,,,,,,,,,,,,,,,,,
Whitfield v. United States,1,1,1,1,1,1,1,1,1,,,,,,,,,,,,,,,,,,
United States v. Booker,1,1,1,1,1,1,1,1,1,,,,,,,,,,,,,,,,,,
Jama v. Immigration & Customs Enforcement,1,0,1,1,1,0,1,0,0,,,,,,,,,,,,,,,,,,
Clark v. Martinez,0,1,1,1,1,1,0,1,1,,,,,,,,,,,,,,,,,,
Illinois v. Caballes,1,1,1,1,1,0,1,0,1,,,,,,,,,,,,,,,,,,
Commissioner of Internal Revenue v. Banks,1,1,1,1,1,1,1,1,1,,,,,,,,,,,,,,,,,,
Howell v. Mississippi,1,1,1,1,1,1,1,1,1,,,,,,,,,,,,,,,,,,
"article=Per curiam opinions of the Supreme Court of the United States, 2004 term#Bell v. Cone",1,1,1,1,1,1,1,1,1,,,,,,,,,,,,,,,,,,
Smith v. Massachusetts,0,1,1,1,0,1,1,0,0,,,,,,,,,,,,,,,,,,
Stewart v. Dutra Construction Co.,0,1,1,1,1,1,1,1,1,,,,,,,,,,,,,,,,,,
Johnson v. California,1,0,1,0,1,1,0,1,1,,,,,,,,,,,,,,,,,,
Roper v. Simmons,0,1,0,0,1,1,0,1,1,,,,,,,,,,,,,,,,,,
Cherokee Nation v. Leavitt,1,1,1,0.5,1,1,1,1,1,,,,,,,,,,,,,,,,,,
Tenet v. Doe,1,1,1,1,1,1,1,1,1,,,,,,,,,,,,,,,,,,
Shepard v. United States,1,1,0,1,0,0,1,1,0,,,,,,,,,,,,,,,,,,
Ballard v. Comm'r,0,1,1,1,1,1,0,1,1,,,,,,,,,,,,,,,,,,
Wilkinson v. Dotson,1,1,1,1,0,1,1,1,1,,,,,,,,,,,,,,,,,,
Muehler v. Mena,1,0.5,1,1,1,0.5,1,0.5,0.5,,,,,,,,,,,,,,,,,,
Rancho Palos Verdes v. Abrams,1,0.5,1,1,1,1,1,1,1,,,,,,,,,,,,,,,,,,
Brown v. Payton,1,0,1,1,1,0,1,0,1,,,,,,,,,,,,,,,,,,
Jackson v. Birmingham Board of Education,0,1,1,0,0,1,0,1,1,,,,,,,,,,,,,,,,,,
City of Sherrill v. Oneida Indian Nation,1,0,1,1,1,1,1,1,1,,,,,,,,,,,,,,,,,,
Smith v. City of Jackson,1,1,0.5,1,0.5,1,0.5,1,1,,,,,,,,,,,,,,,,,,
Rhines v. Weber,1,1,1,1,1,0.5,1,1,1,,,,,,,,,,,,,,,,,,
article=Exxon Mobil Corp. v. Saudi Basic Industries Corp.,1,1,1,1,1,1,1,1,1,,,,,,,,,,,,,,,,,,
Johnson v. United States,1,0,1,0,0,1,1,0,1,,,,,,,,,,,,,,,,,,
Rousey v. Jacoway,1,1,1,1,1,1,1,1,1,,,,,,,,,,,,,,,,,,
Dura Pharmaceuticals v. Broudo,1,1,1,1,1,1,1,1,1,,,,,,,,,,,,,,,,,,
Pasquantino v. United States,1,1,1,0,1,0,1,0,0,,,,,,,,,,,,,,,,,,
Small v. United States,0,1,1,0,0,1,0,1,1,,,,,,,,,,,,,,,,,,
Pace v. DiGuglielmo,1,0,1,1,1,0,1,0,0,,,,,,,,,,,,,,,,,,
"Bates v. Dow Agrosciences, L.L.C.",1,1,1,0,1,1,0,1,1,,,,,,,,,,,,,,,,,,
Granholm v. Heald,0,0,0,1,1,1,0,1,1,,,,,,,,,,,,,,,,,,
"Lingle v. Chevron U.S.A., Inc.",1,1,1,1,1,1,1,1,1,,,,,,,,,,,,,,,,,,
Johanns v. Livestock Mktg. Ass'n,1,0,1,1,0,0,1,0.5,1,,,,,,,,,,,,,,,,,,
Clingman v. Beaver,1,0,1,1,1,0,0,0,1,,,,,,,,,,,,,,,,,,
Deck v. Missouri,1,1,1,0,1,1,0,1,1,,,,,,,,,,,,,,,,,,
Medellin v. Dretke,1,0,0,1,1,0,1,1,0,,,,,,,,,,,,,,,,,,
Arthur Andersen LLP v. United States,1,1,1,1,1,1,1,1,1,,,,,,,,,,,,,,,,,,
Cutter v. Wilkinson,1,1,1,1,1,1,1,1,1,,,,,,,,,,,,,,,,,,
Tory v. Cochran,1,1,1,0,1,1,0,1,1,,,,,,,,,,,,,,,,,,
Gonzales v. Raich,0,1,0,0.5,1,1,0,1,1,,,,,,,,,,,,,,,,,,
Alaska v. United States,1,1,1,1,1,1,1,1,1,,,,,,,,,,,,,,,,,,
Spector v. Norwegian Cruise Line Ltd.,0,1,0,0,0,1,1,1,1,,,,,,,,,,,,,,,,,,
Johnson v. California,1,1,1,1,1,1,0,1,1,,,,,,,,,,,,,,,,,,
Bradshaw v. Stumpf,1,1,1,1,1,1,1,1,1,,,,,,,,,,,,,,,,,,
"Merck KGaA v. Integra Lifesciences I, Ltd.",1,1,1,1,1,1,1,1,1,,,,,,,,,,,,,,,,,,
Wilkinson v. Austin,1,1,1,1,1,1,1,1,1,,,,,,,,,,,,,,,,,,
Miller-El v. Dretke,0,1,1,0,1,1,0,1,1,,,,,,,,,,,,,,,,,,
Grable & Sons Metal Prod. v. Darue Engineering,1,1,1,1,1,1,1,1,1,,,,,,,,,,,,,,,,,,
"San Remo Hotel, L.P. v. City & County of San Francisco",0.5,1,0.5,1,0.5,1,0.5,1,1,,,,,,,,,,,,,,,,,,
Dodd v. United States,1,0,1,1,1,0,1,0,0,,,,,,,,,,,,,,,,,,
Rompilla v. Beard,0,1,1,0,0,1,0,1,1,,,,,,,,,,,,,,,,,,
article=Graham County Soil & Water Conservation Dist. v. United States ex rel. Wilson,1,0.5,1,1,1,1,1,0,0,,,,,,,,,,,,,,,,,,
Am. Trucking Ass'ns v. Mich. PSC,1,1,1,0.5,1,1,0.5,1,1,,,,,,,,,,,,,,,,,,
Mid-Con Freight Sys. v. Mich. PSC,0,1,0,1,0,1,1,1,1,,,,,,,,,,,,,,,,,,
Kelo v. City of New London,0,1,0,0,1,1,0,1,1,,,,,,,,,,,,,,,,,,
Gonzalez v. Crosby,1,0,1,1,1,0,1,1,1,,,,,,,,,,,,,,,,,,
Exxon Mobil Corp. v. Allapattah Servs.,1,0,0,1,1,1,1,0,0,,,,,,,,,,,,,,,,,,
Orff v. United States,1,1,1,1,1,1,1,1,1,,,,,,,,,,,,,,,,,,
Halbert v. Michigan,0,1,1,0,1,1,0,1,1,,,,,,,,,,,,,,,,,,
Mayle v. Felix,1,0,1,1,1,0,1,1,1,,,,,,,,,,,,,,,,,,
Van Orden v. Perry,1,0,0,1,1,0,1,0,0.5,,,,,,,,,,,,,,,,,,
Town of Castle Rock v. Gonzales,1,0,1,1,1,1,1,0,0.5,,,,,,,,,,,,,,,,,,
Bell v. Thompson,1,0,1,1,1,0,1,0,0,,,,,,,,,,,,,,,,,,
McCreary County v. ACLU,0,1,1,0,0,1,0,1,1,,,,,,,,,,,,,,,,,,
"Metro-Goldwyn-Mayer Studios, Inc. v. Grokster, Ltd.",1,1,1,1,1,1,1,1,1,,,,,,,,,,,,,,,,,,
Nat'l Cable & Telecomms. Ass'n v. Brand X Internet Servs.,1,1,1,0,1,0,1,0,1,,,,,,,,,,,,,,,,,,
Dye v. Hofbauer,,1,1,1,1,1,1,1,1,1,,,,,,,,,,,,,,,,,
Schriro v. Smith,,1,1,1,1,1,1,1,1,1,,,,,,,,,,,,,,,,,
Kane v. Garcia Espitia,,1,1,1,1,1,1,1,1,1,,,,,,,,,,,,,,,,,
Eberhart v. United States,,1,1,1,1,1,1,1,1,1,,,,,,,,,,,,,,,,,
"IBP, Inc. v. Alvarez",,1,1,1,1,1,1,1,1,1,,,,,,,,,,,,,,,,,
United States v. Olson,,1,1,1,1,1,1,1,1,1,,,,,,,,,,,,,,,,,
Schaffer v. Weast,,1,1,1,1,1,1,0,0,1,,,,,,,,,,,,,,,,,
#NAME?,,1,1,1,1,1,1,1,1,1,,,,,,,,,,,,,,,,,
Bradshaw v. Richey,,1,1,1,1,1,1,1,1,1,,,,,,,,,,,,,,,,,
Lincoln Property Co. v. Roche,,1,1,1,1,1,1,1,1,1,,,,,,,,,,,,,,,,,
Wagnon v. Prairie Band Potawatomi Nation,,1,1,1,0,1,1,0,1,1,,,,,,,,,,,,,,,,,
Martin v. Franklin Capital Corp.,,1,1,1,1,1,1,1,1,1,,,,,,,,,,,,,,,,,
Lockhart v. United States,,1,1,1,1,1,1,1,1,1,,,,,,,,,,,,,,,,,
United States v. Georgia,,1,1,1,1,1,1,1,1,1,,,,,,,,,,,,,,,,,
"article=Volvo Trucks North America, Inc. v. Reeder-Simco GMC, Inc.",,0,1,1,1,1,0,1,1,1,,,,,,,,,,,,,,,,,
Evans v. Chavis,,0.5,1,1,1,1,1,1,1,1,,,,,,,,,,,,,,,,,
Brown v. Sanders,,0,1,1,1,0,1,0,0,1,,,,,,,,,,,,,,,,,
Gonzales v. Oregon,,1,1,0,1,1,0,1,1,0,,,,,,,,,,,,,,,,,
"Wachovia Bank, N. A. v. Schmidt",,1,1,1,1,1,1,1,1,1,,,,,,,,,,,,,,,,,
Ayotte v. Planned Parenthood,,1,1,1,1,1,1,1,1,1,,,,,,,,,,,,,,,,,
Rice v. Collins,,1,1,1,1,1,1,1,1,1,,,,,,,,,,,,,,,,,
Will v. Hallock,,1,1,1,1,1,1,1,1,1,,,,,,,,,,,,,,,,,
Central Virginia Community College v. Katz,,1,1,0,0,1,0,1,1,0,,,,,,,,,,,,,,,,,
"Unitherm Food Systems, Inc. v. Swift-Eckrich, Inc.",,0,1,1,0,1,1,1,1,1,,,,,,,,,,,,,,,,,
"Wisconsin Right to Life, Inc. v. FEC",,1,1,1,1,1,1,1,1,1,,,,,,,,,,,,,,,,,
article=Gonzales v. O Centro Espí_rita Beneficente Unií£o do Vegetal,,1,,1,1,1,1,1,1,1,1,,,,,,,,,,,,,,,,
"Buckeye Check Cashing, Inc. v. Cardegna",,1,,1,1,1,0,1,1,1,1,,,,,,,,,,,,,,,,
article=Ministry of Defense and Support for Armed Forces of Islamic Republic of Iran v. Elahi,,1,,1,1,1,1,1,1,1,1,,,,,,,,,,,,,,,,
"Ash v. Tyson Foods, Inc.",,1,,1,1,1,1,1,1,1,1,,,,,,,,,,,,,,,,
Lance v. Dennis,,0,,1,1,0.5,1,0.5,1,1,1,,,,,,,,,,,,,,,,
"Domino's Pizza, Inc. v. McDonald",,1,,1,1,1,1,1,1,1,1,,,,,,,,,,,,,,,,
Dolan v. United States Postal Service,,1,,1,1,1,0,1,1,1,1,,,,,,,,,,,,,,,,
Arbaugh v. Y & H Corp.,,1,,1,1,1,1,1,1,1,1,,,,,,,,,,,,,,,,
Oregon v. Guzek,,1,,0.5,1,1,0.5,1,1,1,1,,,,,,,,,,,,,,,,
"Texaco, Inc. v. Dagher",,1,,1,1,1,1,1,1,1,1,,,,,,,,,,,,,,,,
article=Scheidler v. National Organization for Women (2006),,1,,1,1,1,1,1,1,1,1,,,,,,,,,,,,,,,,
"article=Illinois Tool Works Inc. v. Independent Ink, Inc.",,1,,1,1,1,1,1,1,1,1,,,,,,,,,,,,,,,,
"article=Rumsfeld v. Forum for Academic and Institutional Rights, Inc.",,1,,1,1,1,1,1,1,1,1,,,,,,,,,,,,,,,,
"Merrill Lynch, Pierce, Fenner & Smith, Inc. v. Dabit",,1,,1,1,1,1,1,1,1,1,,,,,,,,,,,,,,,,
United States v. Grubbs,,1,,1,1,1,1,1,1,1,1,,,,,,,,,,,,,,,,
Georgia v. Randolph,,1,,0,1,1,0,1,1,0,1,,,,,,,,,,,,,,,,
Gonzales v. Thomas,,1,,1,1,1,1,1,1,1,1,,,,,,,,,,,,,,,,
display=Salinas v. United States,,1,,1,1,1,1,1,1,1,1,,,,,,,,,,,,,,,,
Northern Ins. Co. of N.Y. v. Chatham County,,1,,1,1,1,1,1,1,1,1,,,,,,,,,,,,,,,,
Day v. McDonough,,0,,0,1,1,0,1,0,1,1,,,,,,,,,,,,,,,,
Jones v. Flowers,,1,,0,0,1,0,1,1,1,1,,,,,,,,,,,,,,,,
Hartman v. Moore,,1,,1,1,1,1,0,0,1,0,,,,,,,,,,,,,,,,
Ark. Dep't of Human Servs. v. Ahlborn,,1,,1,1,1,1,1,1,1,1,,,,,,,,,,,,,,,,
Marshall v. Marshall,,0.5,,1,1,1,1,1,1,1,1,,,,,,,,,,,,,,,,
Holmes v. South Carolina,,1,,1,1,1,1,1,1,1,1,,,,,,,,,,,,,,,,
DaimlerChrysler Corp. v. Cuno,,1,,1,1,1,1,0.5,1,1,1,,,,,,,,,,,,,,,,
"Sereboff v. Mid Atlantic Medical Services, Inc.",,1,,1,1,1,1,1,1,1,1,,,,,,,,,,,,,,,,
S. D. Warren Co. v. Maine Bd. of Env. Protection,,1,,1,1,1,1,1,1,1,1,,,,,,,,,,,,,,,,
"eBay Inc. v. MercExchange, L. L. C.",,1,,1,1,1,1,1,1,1,1,,,,,,,,,,,,,,,,
Brigham City v. Stuart,,1,,1,1,1,1,1,1,1,1,,,,,,,,,,,,,,,,
Garcetti v. Ceballos,,0,,1,1,0,1,0,0,1,1,,,,,,,,,,,,,,,,
Anza v. Ideal Steel Supply Corp.,,1,,1,1,1,1,1,0,1,1,,,,,,,,,,,,,,,,
Zedner v. United States,,1,,1,1,1,1,1,1,1,1,,,,,,,,,,,,,,,,
Whitman v. Dep't of Transportation,,1,,1,1,1,1,1,1,1,1,,,,,,,,,,,,,,,,
#NAME?,,1,,1,1,1,1,1,1,1,1,,,,,,,,,,,,,,,,
House v. Bell,,1,,0,1,1,0,1,1,0,1,,,,,,,,,,,,,,,,
Hill v. McDonough,,1,,1,1,1,1,1,1,1,1,,,,,,,,,,,,,,,,
Hudson v. Michigan,,0,,0,1,0,1,0,0,1,1,,,,,,,,,,,,,,,,
Kircher v. Putnam Funds Trust,,1,,1,1,1,1,1,1,1,1,,,,,,,,,,,,,,,,
"article=Howard Delivery Service, Inc. v. Zurich American Ins. Co.",,1,,1,0,0,1,1,1,1,0,,,,,,,,,,,,,,,,
"Empire HealthChoice Assurance, Inc. v. McVeigh",,1,,1,0,0,1,1,0,1,0,,,,,,,,,,,,,,,,
Rapanos v. United States,,0,,0,0.5,0,1,0,0,1,1,,,,,,,,,,,,,,,,
Davis v. Washington,,1,,1,1,1,0,1,1,1,1,,,,,,,,,,,,,,,,
Samson v. California,,0,,1,1,0,1,1,0,1,1,,,,,,,,,,,,,,,,
Youngblood v. West Virginia,,1,,0,0,1,0,1,1,1,1,,,,,,,,,,,,,,,,
Dixon v. United States,,1,,1,1,0,1,1,0,1,1,,,,,,,,,,,,,,,,
Fernandez-Vargas v. Gonzales,,0,,1,1,1,1,1,1,1,1,,,,,,,,,,,,,,,,
"Burlington, N. & S. F. R. Co. v. White",,1,,1,1,1,1,1,1,1,0.5,,,,,,,,,,,,,,,,
Woodford v. Ngo,,0,,1,1,0,1,0,0.5,1,1,,,,,,,,,,,,,,,,
Lab. Corp. of Am. Holdings v. Metabolite Labs.,,0,,1,1,0,1,1,0,1,1,,,,,,,,,,,,,,,,
United States v. Gonzalez-Lopez,,1,,1,0,1,0,1,1,0,0,,,,,,,,,,,,,,,,
Kansas v. Marsh,,0,,1,1,0,1,0,0,1,1,,,,,,,,,,,,,,,,
Washington v. Recuenco,,0,,1,1,1,1,0,1,1,1,,,,,,,,,,,,,,,,
Randall v. Sorrell,,0,,0.5,0.5,0,0.5,0,0,1,1,,,,,,,,,,,,,,,,
Arlington Central School Dist. Bd. of Ed. v. Murphy,,0,,1,1,0,1,0.5,0,1,1,,,,,,,,,,,,,,,,
Sanchez-Llamas v. Oregon,,0,,1,1,0,1,0.5,0,1,1,,,,,,,,,,,,,,,,
League of United Latin American Citizens v. Perry,,1,,0,0,1,0,1,1,1,1,,,,,,,,,,,,,,,,
Beard v. Banks,,0,,0.5,1,1,0.5,0,0,1,0,,,,,,,,,,,,,,,,
Hamdan v. Rumsfeld,,0,,0,1,1,0,1,1,0,0,,,,,,,,,,,,,,,,
Clark v. Arizona,,0,,1,0,1,1,0,1,1,1,,,,,,,,,,,,,,,,
Purcell v. Gonzalez,,0.5,,1,1,1,1,1,1,1,1,,,,,,,,,,,,,,,,
Ayers v. Belmontes,,0,,1,1,0,1,0,0,1,1,,,,,,,,,,,,,,,,
Lopez v. Gonzales,,1,,1,1,1,0,1,1,1,1,,,,,,,,,,,,,,,,
#NAME?,,1,,1,1,1,1,1,1,1,1,,,,,,,,,,,,,,,,
Carey v. Musladin,,0.5,,1,0.5,0.5,1,1,1,1,1,,,,,,,,,,,,,,,,
BP America Production Co. v. Burton,,1,,1,1,1,1,1,1,1,1,,,,,,,,,,,,,,,,
United States v. Resendiz-Ponce,,1,,0,1,1,1,1,1,1,1,,,,,,,,,,,,,,,,
"MedImmune, Inc. v. Genentech, Inc.",,1,,1,1,1,0,1,1,1,1,,,,,,,,,,,,,,,,
Burton v. Stewart,,1,,1,1,1,1,1,1,1,1,,,,,,,,,,,,,,,,
Norfolk Southern R. Co. v. Sorrell,,1,,1,1,1,1,0.5,1,1,1,,,,,,,,,,,,,,,,
Gonzales v. Duenas-Alvarez,,1,,1,1,1,1,1,1,1,1,,,,,,,,,,,,,,,,
Jones v. Bock,,1,,1,1,1,1,1,1,1,1,,,,,,,,,,,,,,,,
Osborn v. Haley,,1,,0,1,1,0,1,1,1,1,,,,,,,,,,,,,,,,
Cunningham v. California,,1,,1,0,1,1,1,0,1,0,,,,,,,,,,,,,,,,
Weyerhaeuser Co. v. Ross-Simmons Hardwood Lumber Co.,,1,,1,1,1,1,1,1,1,1,,,,,,,,,,,,,,,,
Lawrence v. Florida,,0,,1,1,0,1,0,0,1,1,,,,,,,,,,,,,,,,
Philip Morris USA v. Williams,,0,,0,1,1,0,0,1,1,1,,,,,,,,,,,,,,,,
Marrama v. Citizens Bank of Massachusetts,,1,,0,1,1,0,1,1,0,0,,,,,,,,,,,,,,,,
Wallace v. Kato,,0.5,,1,1,0.5,1,0,0,1,1,,,,,,,,,,,,,,,,
Whorton v. Bockting,,1,,1,1,1,1,1,1,1,1,,,,,,,,,,,,,,,,
Sinochem Int'l Co. v. Malaysia Int'l Shipping Corp.,,1,,1,1,1,1,1,1,1,1,,,,,,,,,,,,,,,,
Lance v. Coffman,,1,,1,1,1,1,1,1,1,1,,,,,,,,,,,,,,,,
article=Travelers Casualty & Surety Co. of America v. Pacific Gas & Elec. Co.,,1,,1,1,1,1,1,1,1,1,,,,,,,,,,,,,,,,
Rockwell Int'l Corp. v. United States,,0,,1,1,1,1,0,0,1,1,,,,,,,,,,,,,,,,
Limtiaco v. Camacho,,1,,1,1,1,1,1,1,1,1,,,,,,,,,,,,,,,,
Massachusetts v. EPA,,1,,0,1,1,0,1,1,0,0,,,,,,,,,,,,,,,,
Environmental Defense v. Duke Energy Corp.,,1,,1,1,1,1,1,1,1,1,,,,,,,,,,,,,,,,
"Watters v. Wachovia Bank, N. A.",,0,,0,1,1,1,1,1,0,1,,,,,,,,,,,,,,,,
"article=Global Crossing Telecomm., Inc. v. Metrophones Telecomm., Inc.",,1,,0,1,1,0,1,1,1,1,,,,,,,,,,,,,,,,
Zuni Public School District No 89 v. Dept. of Education,,1,,0,1,0,0,1,1,0,1,,,,,,,,,,,,,,,,
Gonzales v. Carhart,,0,,1,1,0,1,0,0,1,1,,,,,,,,,,,,,,,,
article=James v. United States (2007),,0,,0,1,1,0,0,1,1,1,,,,,,,,,,,,,,,,
Abdul-Kabir v. Quarterman,,1,,0,1,1,0,1,1,0,0,,,,,,,,,,,,,,,,
Brewer v. Quarterman,,1,,0,1,1,0,1,1,0,0,,,,,,,,,,,,,,,,
article=Smith v. Texas (2007),,1,,0,1,1,0,1,1,0,0,,,,,,,,,,,,,,,,
"article=United Haulers Assn., Inc. v. Oneida-Herkimer Solid Waste Mgmt. Auth.",,0,,0.5,0,1,0.5,1,1,0,0,,,,,,,,,,,,,,,,
Scott v. Harris,,0,,1,1,1,1,1,1,1,1,,,,,,,,,,,,,,,,
article=KSR v. Teleflex,,1,,1,1,1,1,1,1,1,1,,,,,,,,,,,,,,,,
EC Term of Years Trust v. United States,,1,,1,1,1,1,1,1,1,1,,,,,,,,,,,,,,,,
Microsoft Corp. v. AT&T Corp.,,0,,1,1,1,0.5,0.5,0.5,1,0.5,,,,,,,,,,,,,,,,
Schriro v. Landrigan,,0,,1,1,0,1,0,0,1,1,,,,,,,,,,,,,,,,
Hinck v. United States,,1,,1,1,1,1,1,1,1,1,,,,,,,,,,,,,,,,
Office of Senator Mark Dayton v. Hanson,,1,,1,1,1,1,1,1,1,1,,,,,,,,,,,,,,,,
Winkelman v. Parma City School District,,1,,0,1,1,0,1,1,1,1,,,,,,,,,,,,,,,,
Bell Atlantic Corp. v. Twombly,,0,,1,1,1,1,0,1,1,1,,,,,,,,,,,,,,,,
Roper v. Weaver,,1,,0,1,1,0,1,1,0.5,0,,,,,,,,,,,,,,,,
Los Angeles County v. Rettele,,0.5,,1,1,0,1,0.5,1,1,1,,,,,,,,,,,,,,,,
Ledbetter v. Goodyear Tire & Rubber Co.,,0,,1,1,0,1,0,0,1,1,,,,,,,,,,,,,,,,
Uttecht v. Brown,,0,,1,1,0,1,0,0,1,1,,,,,,,,,,,,,,,,
Safeco Insurance Co. of America v. Burr,,1,,1,1,1,1,1,1,1,1,,,,,,,,,,,,,,,,
Sole v. Wyner,,1,,1,1,1,1,1,1,1,1,,,,,,,,,,,,,,,,
#NAME?,,1,,1,1,1,1,1,1,1,1,,,,,,,,,,,,,,,,
Erickson v. Pardus,,1,,0,1,1,0,1,1,1,1,,,,,,,,,,,,,,,,
Beck v. PACE Int'l. Union,,1,,1,1,1,1,1,1,1,1,,,,,,,,,,,,,,,,
Fry v. Pliler,,1,,1,1,1,1,1,1,1,1,,,,,,,,,,,,,,,,
United States v. Atlantic Research Corp.,,1,,1,1,1,1,1,1,1,1,,,,,,,,,,,,,,,,
Watson v. Philip Morris Cos.,,1,,1,1,1,1,1,1,1,1,,,,,,,,,,,,,,,,
"Long Island Care at Home, Ltd. v. Coke",,1,,1,1,1,1,1,1,1,1,,,,,,,,,,,,,,,,
article=Davenport v. Washington Education Association,,1,,1,1,1,1,1,1,1,1,,,,,,,,,,,,,,,,
Permanent Mission of India to the United Nations v. City of New York,,0,,1,1,1,1,1,0,1,1,,,,,,,,,,,,,,,,
Bowles v. Russell,,0,,1,1,0,1,0,0,1,1,,,,,,,,,,,,,,,,
"Powerex Corp. v. Reliant Energy Services, Inc.",,0,,1,1,1,1,1,0,1,1,,,,,,,,,,,,,,,,
Brendlin v. California,,1,,1,1,1,1,1,1,1,1,,,,,,,,,,,,,,,,
Credit Suisse Securities (USA) LLC v. Billing,,0.5,,1,1,1,0,1,1,1,1,,,,,,,,,,,,,,,,
article=Tennessee Secondary School Athletic Assn. v. Brentwood Academy,,1,,1,1,1,0.5,1,1,1,1,,,,,,,,,,,,,,,,
"Tellabs, Inc. v. Makor Issues & Rights, Ltd.",,0,,0.5,1,1,1,1,1,1,0.5,,,,,,,,,,,,,,,,
Rita v. United States,,1,,1,1,0,1,1,1,1,1,,,,,,,,,,,,,,,,
Morse v. Frederick,,0,,1,1,0,1,0,0,1,1,,,,,,,,,,,,,,,,
Federal Election Commission v. Wisconsin Right to Life,,0,,1,1,0,1,0,0,1,1,,,,,,,,,,,,,,,,
Wilkie v. Robbins,,1,,1,1,1,1,1,1,1,1,,,,,,,,,,,,,,,,
"Hein v. Freedom From Religion Foundation, Inc.",,0,,0.5,1,0,0.5,0,0,1,0,,,,,,,,,,,,,,,,
National Assn. of Home Builders v. Defenders of Wildlife,,0,,1,1,0,1,0,0,1,1,,,,,,,,,,,,,,,,
article=Parents Involved in Community Schools v. Seattle School District No. 1,,0,,1,1,0,1,0,0,1,1,,,,,,,,,,,,,,,,
"Leegin Creative Leather Products, Inc. v. PSKS, Inc.",,0,,1,1,0,1,0,0,1,1,,,,,,,,,,,,,,,,
Panetti v. Quarterman,,1,,0,1,1,0,1,1,0,0,,,,,,,,,,,,,,,,
#NAME?,,1,,1,1,1,1,1,1,1,1,,,,,,,,,,,,,,,,
Allen v. Siebert,,0,,1,1,1,1,0,1,1,1,,,,,,,,,,,,,,,,
"CSX Transp., Inc. v. Georgia State Bd. of Equalization",,1,,1,1,1,1,1,1,1,1,,,,,,,,,,,,,,,,
Logan v. United States,,1,,1,1,1,1,1,1,1,1,,,,,,,,,,,,,,,,
Gall v. United States,,1,,1,1,1,0,1,1,1,0,,,,,,,,,,,,,,,,
Watson v. United States,,1,,1,1,1,1,0.5,1,1,1,,,,,,,,,,,,,,,,
Kimbrough v. United States,,1,,1,1,1,0,1,1,1,0,,,,,,,,,,,,,,,,
Arave v. Hoffman,,1,,1,1,1,1,1,1,1,1,,,,,,,,,,,,,,,,
Wright v. Van Patten,,0.5,,1,1,1,1,1,1,1,1,,,,,,,,,,,,,,,,
John R. Sand & Gravel Co. v. United States,,0,,1,1,1,1,0,1,1,1,,,,,,,,,,,,,,,,
"Stoneridge Investment Partners, LLC v. Scientific-Atlanta, Inc.",,0,,1,1,0,1,0,0,1,1,,,,,,,,,,,,,,,,
Knight v. Commissioner,,1,,1,1,1,1,1,1,1,1,,,,,,,,,,,,,,,,
New York State Bd. of Elections v. Lopez Torres,,1,,1,0.5,1,1,1,1,1,1,,,,,,,,,,,,,,,,
Ali v. Federal Bureau of Prisons,,0,,1,0,0,1,1,0,1,1,,,,,,,,,,,,,,,,
"LaRue v. DeWolff, Boberg & Associates, Inc.",,1,,0.5,0.5,1,0.5,1,1,0.5,1,,,,,,,,,,,,,,,,
Danforth v. Minnesota,,1,,1,0,1,1,1,1,0,1,,,,,,,,,,,,,,,,
"Riegel v. Medtronic, Inc.",,1,,1,1,1,1,0,1,1,1,,,,,,,,,,,,,,,,
Preston v. Ferrer,,1,,1,1,1,0,1,1,1,1,,,,,,,,,,,,,,,,
Rowe v. New Hampshire Motor Transp. Assn.,,1,,1,1,1,1,0.5,1,1,1,,,,,,,,,,,,,,,,
Sprint/United Management Co. v. Mendelsohn,,1,,1,1,1,1,1,1,1,1,,,,,,,,,,,,,,,,
Federal Express Corp. v. Holowecki,,1,,0,1,1,0,1,1,1,1,,,,,,,,,,,,,,,,
Boulware v. United States,,1,,1,1,1,1,1,1,1,1,,,,,,,,,,,,,,,,
#NAME?,,1,,1,1,1,1,1,1,1,1,,,,,,,,,,,,,,,,
Washington State Grange v. Washington State Republican Party,,1,,0,0,1,1,1,1,1,1,,,,,,,,,,,,,,,,
Snyder v. Louisiana,,1,,0,1,1,0,1,1,1,1,,,,,,,,,,,,,,,,
Medellí_n v. Texas,,0.5,,1,1,0,1,0,0,1,1,,,,,,,,,,,,,,,,
"Hall Street Associates, L. L. C. v. Mattel, Inc.",,0,,1,0,1,1,1,0,1,1,,,,,,,,,,,,,,,,
New Jersey v. Delaware,,1,,0,1,1,1,1,1,1,0,,,,,,,,,,,,,,,,
United States v. Clintwood Elkhorn Mining Co.,,1,,1,1,1,1,1,1,1,1,,,,,,,,,,,,,,,,
MeadWestvaco Corp. v. Illinois Dept. of Revenue,,1,,1,1,1,1,1,1,1,1,,,,,,,,,,,,,,,,
Baze v. Rees,,0.5,,0.5,1,0,0.5,0,0.5,1,1,,,,,,,,,,,,,,,,
Burgess v. United States,,1,,1,1,1,1,1,1,1,1,,,,,,,,,,,,,,,,
Begay v. United States,,1,,0.5,1,0,0,1,1,1,0,,,,,,,,,,,,,,,,
Virginia v. Moore,,1,,1,1,1,1,0.5,1,1,1,,,,,,,,,,,,,,,,
Crawford v. Marion County Election Bd.,,1,,0.5,1,0,0.5,0,0,1,0.5,,,,,,,,,,,,,,,,
Gonzalez v. United States,,1,,0.5,1,1,0,1,1,1,1,,,,,,,,,,,,,,,,
United States v. Ressam,,1,,1,1,1,1,1,0,1,1,,,,,,,,,,,,,,,,
United States v. Williams,,1,,1,1,0,1,0,1,1,1,,,,,,,,,,,,,,,,
Department of Revenue of Ky. v. Davis,,1,,1,0,0,0.5,1,1,1,0,,,,,,,,,,,,,,,,
United States v. Rodriquez,,0,,1,1,0,1,0,1,1,1,,,,,,,,,,,,,,,,
Riley v. Kennedy,,0,,1,1,0,1,1,1,1,1,,,,,,,,,,,,,,,,
"CBOCS West, Inc. v. Humphries",,1,,0,1,1,0,1,1,1,1,,,,,,,,,,,,,,,,
Gomez-Perez v. Potter,,1,,0,1,1,0,1,1,0,1,,,,,,,,,,,,,,,,
United States v. Santos,,0.5,,0.5,0,1,1,1,0,0,0,,,,,,,,,,,,,,,,
Regalado Cuellar v. United States,,1,,1,1,1,1,1,1,1,1,,,,,,,,,,,,,,,,
Richlin Security Service Co. v. Chertoff,,1,,1,1,1,1,1,1,1,1,,,,,,,,,,,,,,,,
Engquist v. Oregon Dept. of Agriculture,,0,,1,1,0,1,0,1,1,1,,,,,,,,,,,,,,,,
"Quanta Computer, Inc. v. LG Electronics, Inc.",,1,,1,1,1,1,1,1,1,1,,,,,,,,,,,,,,,,
Bridge v. Phoenix Bond & Indemnity Co.,,1,,1,1,1,1,1,1,1,1,,,,,,,,,,,,,,,,
Allison Engine Co. v. United States ex rel. Sanders,,1,,1,1,1,1,1,1,1,1,,,,,,,,,,,,,,,,
Munaf v. Geren,,1,,1,1,1,1,1,1,1,1,,,,,,,,,,,,,,,,
Irizarry v. United States,,1,,1,0,0,1,0,0,1,1,,,,,,,,,,,,,,,,
Boumediene v. Bush,,1,,0,1,1,0,1,1,0,0,,,,,,,,,,,,,,,,
Republic of Philippines v. Pimentel,,1,,1,1,1,1,1,1,1,1,,,,,,,,,,,,,,,,
Taylor v. Sturgell,,1,,1,1,1,1,1,1,1,1,,,,,,,,,,,,,,,,
Dada v. Mukasey,,1,,0,1,1,0,1,1,0,0,,,,,,,,,,,,,,,,
"Florida Dept. of Revenue v. Piccadilly Cafeterias, Inc.",,0,,1,1,1,1,1,0,1,1,,,,,,,,,,,,,,,,
Chamber of Commerce of United States v. Brown,,1,,1,1,1,1,0,0,1,1,,,,,,,,,,,,,,,,
Meacham v. Knolls Atomic Power Laboratory,,1,,0.5,1,1,1,1,1,1,1,,,,,,,,,,,,,,,,
Metropolitan Life Ins. Co. v. Glenn,,1,,0,0,1,0,1,1,1,1,,,,,,,,,,,,,,,,
Kentucky Retirement Systems v. EEOC,,1,,0,0,1,1,0,1,1,0,,,,,,,,,,,,,,,,
Indiana v. Edwards,,1,,0,1,1,0,1,1,1,1,,,,,,,,,,,,,,,,
Rothgery v. Gillespie County,,1,,1,1,1,0,1,1,1,1,,,,,,,,,,,,,,,,
Greenlaw v. United States,,0,,1,1,1,1,1,0.5,1,0,,,,,,,,,,,,,,,,
"Sprint Communications Co. v. APCC Services, Inc.",,1,,0,1,1,0,1,1,0,0,,,,,,,,,,,,,,,,
"Plains Commerce Bank v. Long Family Land and Cattle Co., Inc.",,1,,1,1,1,1,1,1,1,1,,,,,,,,,,,,,,,,
Giles v. California,,0,,0,0,1,1,1,0,1,1,,,,,,,,,,,,,,,,
Kennedy v. Louisiana,,1,,0,1,1,0,1,1,0,0,,,,,,,,,,,,,,,,
Exxon Shipping Co. v. Baker,,1,,1,1,1,1,1,1,1,1,,,,,,,,,,,,,,,,
article=Morgan Stanley Capital Group Inc. v. Public Util. Dist. No. 1 of Snohomish Cty.,,0,,1,1,0,1,1,1,1,1,,,,,,,,,,,,,,,,
District of Columbia v. Heller,,0,,1,1,0,1,0,0,1,1,,,,,,,,,,,,,,,,
Davis v. Federal Election Commäó»n,,1,,1,1,1,1,1,1,1,1,,,,,,,,,,,,,,,,
article=2007 term per curiam opinions of the Supreme Court of the United States#Medellí_n v. Texas,,0,,1,1,0,1,0,0,1,1,,,,,,,,,,,,,,,,
Moore v. United States,,1,,1,1,1,1,1,1,1,1,,,,,,,,,,,,,,,,
 Brunner v. Ohio Republican Party,,1,,1,1,1,1,1,1,1,1,,,,,,,,,,,,,,,,
" Winter v. Natural Resources Defense Council, Inc.",,0,,1,1,0,1,0,0,1,1,,,,,,,,,,,,,,,,
#NAME?,,1,,1,1,1,1,1,1,1,1,,,,,,,,,,,,,,,,
Hedgpeth v. Pulido,,0,,1,1,0,1,0,1,1,1,,,,,,,,,,,,,,,,
" Altria Group, Inc. v. Good",,1,,0,1,1,0,1,1,0,0,,,,,,,,,,,,,,,,
 Jimenez v. Quarterman,,1,,1,1,1,1,1,1,1,1,,,,,,,,,,,,,,,,
Chambers v. United States,,1,,1,1,1,0.5,1,1,1,0.5,,,,,,,,,,,,,,,,
Herring v. United States,,0,,1,1,0,1,0,0,1,1,,,,,,,,,,,,,,,,
Oregon v. Ice,,1,,0,1,0,0,1,1,0,1,,,,,,,,,,,,,,,,
Waddington v. Sarausad,,0,,1,1,0,1,0,1,1,1,,,,,,,,,,,,,,,,
Locke v. Karass,,1,,1,1,1,1,1,1,1,1,,,,,,,,,,,,,,,,
Pearson v. Callahan,,1,,1,1,1,1,1,1,1,1,,,,,,,,,,,,,,,,
 Fitzgerald v. Barnstable School Committee,,1,,1,1,1,1,1,1,1,1,,,,,,,,,,,,,,,,
Spears v. United States,,1,,1,1,1,0,1,1,0,0,,,,,,,,,,,,,,,,
Crawford v. Nashville,,1,,1,1,1,0.5,1,1,1,0.5,,,,,,,,,,,,,,,,
 Kennedy v. Plan Administrator for DuPont Sav. and Investment Plan,,1,,1,1,1,1,1,1,1,1,,,,,,,,,,,,,,,,
 United States v. Eurodif S. A.,,1,,1,1,1,1,1,1,1,1,,,,,,,,,,,,,,,,
Arizona v. Johnson,,1,,1,1,1,1,1,1,1,1,,,,,,,,,,,,,,,,
 Van de Kamp v. Goldstein,,1,,1,1,1,1,1,1,1,1,,,,,,,,,,,,,,,,
Nelson v. United States,,1,,1,1,1,1,1,0.5,1,0.5,,,,,,,,,,,,,,,,
 Ysursa v. Pocatello Ed. Assn.,,0,,1,1,0,1,1,0,1,1,,,,,,,,,,,,,,,,
 Carcieri v. Salazar,,0,,1,1,0,1,0,0.5,1,1,,,,,,,,,,,,,,,,
United States v. Hayes,,1,,0,1,1,1,1,1,0,1,,,,,,,,,,,,,,,,
" Pacific Bell Telephone Co. v. linkLine Communications, Inc.",,0.5,,1,1,0.5,1,0.5,0.5,1,1,,,,,,,,,,,,,,,,
 Pleasant Grove City v. Summum,,1,,1,1,0.5,1,1,1,1,1,,,,,,,,,,,,,,,,
 Summers v. Earth Island Institute,,0,,1,1,0,1,0,0,1,1,,,,,,,,,,,,,,,,
Negusie v. Holder,,0,,1,1,1,0,1,0,1,0.5,,,,,,,,,,,,,,,,
Wyeth v. Levine,,1,,0,1,1,0.5,1,1,0,0,,,,,,,,,,,,,,,,
Bartlett v. Strickland,,0,,0.5,0.5,0,0.5,0,0,1,1,,,,,,,,,,,,,,,,
 Vaden v. Discover Bank,,0,,1,1,1,1,1,0,0,0,,,,,,,,,,,,,,,,
Vermont v. Brillon,,0,,1,1,1,1,1,0,1,1,,,,,,,,,,,,,,,,
Kansas v. Colorado,,1,,1,1,1,1,1,1,1,1,,,,,,,,,,,,,,,,
 Knowles v. Mirzayance,,1,,1,1,1,1,1,1,1,1,,,,,,,,,,,,,,,,
Puckett v. United States,,0,,1,1,0,1,1,1,1,1,,,,,,,,,,,,,,,,
Rivera v. Illinois,,1,,1,1,1,1,1,1,1,1,,,,,,,,,,,,,,,,
 Hawaii v. Office of Hawaiian Affairs,,1,,1,1,1,1,1,1,1,1,,,,,,,,,,,,,,,,
#NAME?,,1,,1,1,1,1,1,1,1,1,,,,,,,,,,,,,,,,
Harbison v. Bell,,1,,0,1,1,0.5,1,1,0.5,0,,,,,,,,,,,,,,,,
" Entergy Corp. v. Riverkeeper, Inc.",,0,,1,1,0,1,0,0,1,1,,,,,,,,,,,,,,,,
14 Penn Plaza LLC v. Pyett,,0,,1,1,0,1,0,0,1,1,,,,,,,,,,,,,,,,
 United States v. Navajo Nation,,1,,1,1,1,1,1,1,1,1,,,,,,,,,,,,,,,,
Corley v. United States,,1,,0,1,1,0,1,1,0,0,,,,,,,,,,,,,,,,
Arizona v. Gant,,1,,1,0,1,1,1,0,0,0,,,,,,,,,,,,,,,,
article= Ministry of Defense and Support for Armed Forces of Islamic Republic of Iran v. Elahi,,1,,1,1,1,1,1,1,1,1,,,,,,,,,,,,,,,,
Shinseki v. Sanders,,0,,1,1,0,1,0,1,1,1,,,,,,,,,,,,,,,,
Nken v. Holder,,1,,1,1,1,0,1,1,1,0,,,,,,,,,,,,,,,,
Cone v. Bell,,1,,0,1,1,0,1,1,0.5,0,,,,,,,,,,,,,,,,
article=Federal Communications Commission v. Fox Television Stations (2009),,0,,0,1,0,1,0,0,1,1,,,,,,,,,,,,,,,,
Dean v. United States,,0,,0,1,1,1,1,0,1,0,,,,,,,,,,,,,,,,
Kansas v. Ventris,,1,,1,1,1,1,0,1,1,1,,,,,,,,,,,,,,,,
 Burlington N. & S. F. R. Co. v. United States,,1,,1,1,1,1,0,1,1,1,,,,,,,,,,,,,,,,
 Arthur Andersen LLP v. Carlisle,,0,,0,1,0,0,1,1,0,1,,,,,,,,,,,,,,,,
" Carlsbad Technology, Inc. v. HIF Bio, Inc.",,1,,1,1,1,1,1,1,1,1,,,,,,,,,,,,,,,,
 Flores-Figueroa v. United States,,1,,1,1,1,1,1,1,1,0.5,,,,,,,,,,,,,,,,
Ashcroft v. Iqbal,,1,,1,1,0,0,0,0,1,0,,,,,,,,,,,,,,,,
 AT&T Corp. v. Hulteen,,1,,1,1,1,1,0,0,1,0,,,,,,,,,,,,,,,,
Montejo v. Louisiana,,1,,1,1,0,0,0,0,1,0,,,,,,,,,,,,,,,,
Haywood v. Drown,,0,,0,1,1,1,1,1,0,1,,,,,,,,,,,,,,,,
 Abuelhawa v. United States,,1,,1,1,1,1,1,1,1,1,,,,,,,,,,,,,,,,
Bobby v. Bies,,1,,1,1,1,1,1,1,1,1,,,,,,,,,,,,,,,,
" CSX Transp., Inc. v. Hensley",,1,,1,1,1,1,0,1,1,1,,,,,,,,,,,,,,,,
Republic of Iraq v. Beaty,,1,,1,1,1,1,1,1,1,1,,,,,,,,,,,,,,,,
 Caperton v. A. T. Massey Coal Co.,,1,,0,1,1,1,1,1,0,1,,,,,,,,,,,,,,,,
United States v. Denedo,,0,,0,1,1,1,1,1,0,1,,,,,,,,,,,,,,,,
 United States ex rel. Eisenstein v. City of New York,,1,,1,1,1,1,1,1,1,1,,,,,,,,,,,,,,,,
Boyle v. United States,,0,,0,1,1,1,1,0,1,1,,,,,,,,,,,,,,,,
 Indiana State Police Pension Trust v. Chrysler LLC,,1,,1,1,1,1,1,1,1,1,,,,,,,,,,,,,,,,
" Polar Tankers, Inc. v. City of Valdez",,0.5,,0.5,1,0,0,1,1,0.5,1,,,,,,,,,,,,,,,,
 Nijhawan v. Holder,,1,,1,1,1,1,1,1,1,1,,,,,,,,,,,,,,,,
 District Attorney's Office for Third Judicial Dist. v. Osborne,,0,,0,1,0,0,0,0,1,0,,,,,,,,,,,,,,,,
Yeager v. United States,,1,,0,1,1,1,1,1,1,0,,,,,,,,,,,,,,,,
 Travelers Indemnity Co. v. Bailey,,1,,1,1,1,1,0,1,1,1,,,,,,,,,,,,,,,,
" Gross v. FBL Financial Services, Inc.",,1,,1,1,0,0,0,0,1,0,,,,,,,,,,,,,,,,
 Northwest Austin Municipal Util. Dist. No. One v. Holder,,1,,1,1,1,0,1,1,1,1,,,,,,,,,,,,,,,,
 Forest Grove School Dist. v. T. A.,,1,,1,1,0,0,1,1,1,1,,,,,,,,,,,,,,,,
" Coeur Alaska, Inc. v. Southeast Alaska Conservation Council",,1,,1,1,0,0,0,1,1,1,,,,,,,,,,,,,,,,
 Melendez-Diaz v. Massachusetts,,0,,0,0,1,1,1,0,0,0,,,,,,,,,,,,,,,,
 Safford Unified School Dist. #1 v. Redding,,1,,1,1,1,1,1,1,1,1,,,,,,,,,,,,,,,,
 Atlantic Sounding Co. v. Townsend,,0,,0,0,1,1,1,1,0,1,,,,,,,,,,,,,,,,
Horne v. Flores,,1,,1,1,0,0,0,0,1,0,,,,,,,,,,,,,,,,
" Cuomo v. Clearing House Assn., L. L. C.",,0,,0,0,1,1,1,1,0,1,,,,,,,,,,,,,,,,
 Ricci v. DeStefano,,1,,1,1,0,1,0,0,1,0,,,,,,,,,,,,,,,,
Corcoran v. Levenhagen,,1,,1,1,,1,1,1,1,1,1,,,,,,,,,,,,,,,
Bobby v. Van Hook,,1,,1,1,,1,1,1,1,1,1,,,,,,,,,,,,,,,
Wong v. Belmontes,,0.5,,1,1,,1,1,1,1,1,1,,,,,,,,,,,,,,,
Porter v. McCollum,,1,,1,1,,1,1,1,1,1,1,,,,,,,,,,,,,,,
Michigan v. Fisher,,0,,1,1,,1,1,1,1,1,0,,,,,,,,,,,,,,,
Beard v. Kindler,,1,,1,1,,1,1,1,1,1,1,,,,,,,,,,,,,,,
article=Union Pacific Railroad v. Brotherhood of Locomotive Engineers,,1,,1,1,,1,1,1,1,1,1,,,,,,,,,,,,,,,
Alvarez v. Smith,,1,,1,1,,1,1,1,1,1,1,,,,,,,,,,,,,,,
"Mohawk Industries, Inc. v. Carpenter",,1,,1,1,,1,1,1,1,1,1,,,,,,,,,,,,,,,
McDaniel v. Brown,,1,,1,1,,1,1,1,1,1,1,,,,,,,,,,,,,,,
Smith v. Spisak,,1,,1,1,,1,1,1,1,1,1,,,,,,,,,,,,,,,
"NRG Power Marketing, LLC v. Maine Pub. Util. Comm'n",,0,,1,1,,1,1,1,1,1,1,,,,,,,,,,,,,,,
article=2009 term per curiam opinions of the Supreme Court of the United States#Hollingsworth v. Perry,,0,,1,1,,1,0,0,1,1,0,,,,,,,,,,,,,,,
Presley v. Georgia,,1,,0,1,,0,1,1,1,1,1,,,,,,,,,,,,,,,
Wellons v. Hall,,1,,0,1,,0,1,1,0,0,1,,,,,,,,,,,,,,,
Kucana v. Holder,,1,,1,1,,1,1,1,1,0.5,1,,,,,,,,,,,,,,,
South Carolina v. North Carolina,,1,,1,1,,0,0,1,0,1,0,,,,,,,,,,,,,,,
Wood v. Allen,,0,,1,0,,1,1,1,1,1,1,,,,,,,,,,,,,,,
Citizens United v. Federal Election Comm'n,,1,,1,1,,1,1,1,1,1,1,,,,,,,,,,,,,,,
"Hemi Group, LLC v. City of New York",,0,,1,0,,1,1,0,1,1,1,,,,,,,,,,,,,,,
#NAME?,,1,,1,1,,1,1,1,1,1,1,,,,,,,,,,,,,,,
Wilkins v. Gaddy,,1,,0.5,1,,0.5,1,1,1,1,1,,,,,,,,,,,,,,,
Thaler v. Haynes,,1,,1,1,,1,1,1,1,1,1,,,,,,,,,,,,,,,
Florida v. Powell,,0,,1,1,,1,1,1,1,1,1,,,,,,,,,,,,,,,
Hertz Corp. v. Friend,,1,,1,1,,1,1,1,1,1,1,,,,,,,,,,,,,,,
Maryland v. Shatzer,,0.5,,1,1,,1,1,1,1,1,1,,,,,,,,,,,,,,,
Kiyemba v. Obama,,1,,1,1,,1,1,1,1,1,1,,,,,,,,,,,,,,,
Johnson v. United States,,1,,1,1,,0,1,1,1,0,1,,,,,,,,,,,,,,,
"Reed Elsevier, Inc. v. Muchnick",,0.5,,1,1,,1,0.5,0.5,1,1,1,,,,,,,,,,,,,,,
"Mac's Shell Service, Inc. v. Shell Oil Products Co.",,1,,1,1,,1,1,1,1,1,1,,,,,,,,,,,,,,,
Bloate v. United States,,1,,1,1,,1,1,0,1,0,1,,,,,,,,,,,,,,,
"Milavetz, Gallop & Milavetz, P. A. v. United States",,1,,1,1,,1,1,1,1,1,1,,,,,,,,,,,,,,,
"United States Aid Funds, Inc. v. Espinosa",,1,,1,1,,1,1,1,1,1,1,,,,,,,,,,,,,,,
article=Graham County Soil and Water Conservation Dist. v. United States ex rel. Wilson,,1,,1,1,,1,1,0,1,1,0,,,,,,,,,,,,,,,
Berghuis v. Smith,,1,,1,1,,1,1,1,1,1,1,,,,,,,,,,,,,,,
Jones v. Harris Associates,,1,,1,1,,1,1,1,1,1,1,,,,,,,,,,,,,,,
Padilla v. Kentucky,,1,,0,1,,0,1,1,0.5,0.5,1,,,,,,,,,,,,,,,
"article=Shady Grove Orthopedic Associates, P. A. v. Allstate Ins. Co.",,1,,1,0,,1,0,0,1,0,1,,,,,,,,,,,,,,,
United States v. Stevens,,1,,1,1,,1,1,1,1,0,1,,,,,,,,,,,,,,,
Conkright v. Frommert,,0,,1,1,,1,0,0,1,1,1,,,,,,,,,,,,,,,
Perdue v. Kenny A.,,0,,1,1,,1,0,0,1,1,0,,,,,,,,,,,,,,,
"Jerman v. Carlisle, McNellie, Rini, Kramer & Ulrich LPA",,1,,0.5,0,,1,1,1,1,0,1,,,,,,,,,,,,,,,
Merck & Co. v. Reynolds,,0.5,,0.5,1,,0.5,1,1,1,1,1,,,,,,,,,,,,,,,
Stolt-Nielsen S. A. v. AnimalFeeds Int'l Corp.,,0,,1,1,,1,0,0,1,1,1,,,,,,,,,,,,,,,
Salazar v. Buono,,0,,0.5,0.5,,0.5,0,0,1,1,0,,,,,,,,,,,,,,,
Renico v. Lett,,0,,1,1,,1,1,0,1,1,0,,,,,,,,,,,,,,,
Hui v. Castaneda,,1,,1,1,,1,1,1,1,1,1,,,,,,,,,,,,,,,
Abbott v. Abbott,,0,,1,1,,0,1,0,1,1,1,,,,,,,,,,,,,,,
Graham v. Florida,,1,,0,1,,0,1,1,0.5,0,1,,,,,,,,,,,,,,,
United States v. Comstock,,1,,0,0.5,,0,1,1,1,0.5,1,,,,,,,,,,,,,,,
#NAME?,,1,,1,1,,1,1,1,1,1,1,,,,,,,,,,,,,,,
"American Needle, Inc. v. National Football League",,1,,1,1,,1,1,1,1,1,1,,,,,,,,,,,,,,,
Lewis v. Chicago,,1,,1,1,,1,1,1,1,1,1,,,,,,,,,,,,,,,
article=United States v. O'Brien (2010),,1,,1,1,,0.5,1,1,1,1,1,,,,,,,,,,,,,,,
Hardt v. Reliance Standard Life Ins. Co.,,1,,1,1,,1,1,1,1,1,1,,,,,,,,,,,,,,,
United States v. Marcus,,0,,1,1,,1,1,1,1,1,1,,,,,,,,,,,,,,,
Robertson v. United States ex rel. Watson,,1,,0,0,,1,1,1,0,1,0,,,,,,,,,,,,,,,
Jefferson v. Upton,,1,,0,1,,0,1,1,1,1,1,,,,,,,,,,,,,,,
Samantar v. Yousuf,,1,,0.5,1,,0.5,1,1,1,1,1,,,,,,,,,,,,,,,
Alabama v. North Carolina,,1,,1,1,,1,1,1,1,1,1,,,,,,,,,,,,,,,
Berghuis v. Thompkins,,0,,1,1,,1,0,0,1,1,0,,,,,,,,,,,,,,,
"Levin v. Commerce Energy, Inc.",,1,,0.5,1,,0.5,1,1,1,0.5,1,,,,,,,,,,,,,,,
Carr v. United States,,1,,1,1,,0,0,1,1,0,1,,,,,,,,,,,,,,,
Barber v. Thomas,,0,,1,0,,1,0,1,1,1,1,,,,,,,,,,,,,,,
Hamilton v. Lanning,,1,,0,1,,1,1,1,1,1,1,,,,,,,,,,,,,,,
Krupski v. Costa Crociere S. p. A.,,1,,0.5,1,,1,1,1,1,1,1,,,,,,,,,,,,,,,
display=United States v. Juvenile Male,,1,,1,1,,1,1,1,1,1,1,,,,,,,,,,,,,,,
Carachuri-Rosendo v. Holder,,1,,0.5,1,,0.5,1,1,1,1,1,,,,,,,,,,,,,,,
Astrue v. Ratliff,,1,,1,1,,1,1,1,1,1,1,,,,,,,,,,,,,,,
Dolan v. United States,,0,,0,0,,1,1,1,0,1,1,,,,,,,,,,,,,,,
Holland v. Florida,,1,,0,1,,0,1,1,1,0.5,1,,,,,,,,,,,,,,,
"New Process Steel, L. P. v. NLRB",,1,,1,0,,1,0,0,1,1,0,,,,,,,,,,,,,,,
"article=Stop the Beach Renourishment, Inc. v. Florida Dept. of Environmental Protection",,1,,1,1,,1,1,1,1,1,1,,,,,,,,,,,,,,,
Ontario v. Quon,,1,,1,1,,1,1,1,1,1,1,,,,,,,,,,,,,,,
Schwab v. Reilly,,1,,1,1,,1,0,0,0,1,1,,,,,,,,,,,,,,,
Dillon v. United States,,0,,1,1,,1,1,1,1,1,1,,,,,,,,,,,,,,,
Holder v. Humanitarian Law Project,,1,,1,1,,1,0,0,1,1,0,,,,,,,,,,,,,,,
"Rent-A-Center, West, Inc. v. Jackson",,0,,1,1,,1,0,0,1,1,0,,,,,,,,,,,,,,,
Kawasaki Kisen Kaisha Ltd. v. Regal-Beloit Corp.,,0,,1,1,,1,0,1,1,1,0,,,,,,,,,,,,,,,
Monsanto Co. v. Geertson Seed Farms,,0,,1,1,,1,1,1,1,1,1,,,,,,,,,,,,,,,
Doe v. Reed,,0.5,,0.5,1,,0,1,1,1,1,1,,,,,,,,,,,,,,,
Morrison v. National Australia Bank Ltd.,,0.5,,1,1,,1,0.5,0.5,1,1,1,,,,,,,,,,,,,,,
Granite Rock Co. v. Teamsters,,1,,1,1,,1,1,1,1,1,1,,,,,,,,,,,,,,,
Magwood v. Patterson,,1,,1,0,,0,0,1,0,0,1,,,,,,,,,,,,,,,
Skilling v. United States,,1,,1,1,,1,1,1,1,1,1,,,,,,,,,,,,,,,
Black v. United States,,1,,0.5,0.5,,0.5,1,1,1,1,1,,,,,,,,,,,,,,,
#NAME?,,1,,1,1,,1,1,1,1,1,1,,,,,,,,,,,,,,,
article=Free Enterprise Fund v. Public Company Accounting Oversight Bd.,,0,,1,1,,1,0,0,1,1,0,,,,,,,,,,,,,,,
Bilski v. Kappos,,0.5,,0.5,0.5,,1,0.5,0.5,1,1,0.5,,,,,,,,,,,,,,,
"article=Christian Legal Soc. Chapter of Univ. of Cal., Hastings College of Law v. Martinez",,1,,0,1,,0,1,1,0,0,1,,,,,,,,,,,,,,,
McDonald v. Chicago,,0,,1,1,,1,0,0,1,0,0,,,,,,,,,,,,,,,
Sears v. Upton,,1,,0,1,,0,1,1,0,0,1,,,,,,,,,,,,,,,
Wilson v. Corcoran,,,,1,1,,1,1,1,1,1,1,1,,,,,,,,,,,,,,
Abbott v. United States,,,,1,1,,1,1,1,1,1,1,1,,,,,,,,,,,,,,
Los Angeles County v. Humphries,,,,1,1,,1,1,1,1,1,1,1,,,,,,,,,,,,,,
#NAME?,,,,1,1,,1,1,1,1,1,1,1,,,,,,,,,,,,,,
Madison County v. Oneida Indian Nation of N. Y.,,,,1,1,,1,1,1,1,1,1,1,,,,,,,,,,,,,,
Mayo Foundation for Medical Ed. and Research v. United States,,,,1,1,,1,1,1,1,1,1,1,,,,,,,,,,,,,,
"Ransom v. FIA Card Services, N. A.",,,,0,1,,1,1,1,1,1,1,1,,,,,,,,,,,,,,
Harrington v. Richter,,,,1,1,,1,0.5,1,1,1,1,1,,,,,,,,,,,,,,
Premo v. Moore,,,,1,1,,1,0.5,1,1,1,1,1,,,,,,,,,,,,,,
NASA v. Nelson,,,,0.5,1,,0.5,1,1,1,1,1,1,,,,,,,,,,,,,,
"Thompson v. North American Stainless, LP",,,,1,1,,1,1,1,1,1,1,1,,,,,,,,,,,,,,
Ortiz v. Jordan,,,,0.5,0.5,,0.5,1,1,1,1,1,1,,,,,,,,,,,,,,
"Chase Bank USA, N. A. v. McCoy",,,,1,1,,1,1,1,1,1,1,1,,,,,,,,,,,,,,
Swarthout v. Cooke,,,,1,1,,1,1,1,1,1,1,1,,,,,,,,,,,,,,
Bruesewitz v. Wyeth LLC,,,,1,1,,1,0,1,1,1,0,0,,,,,,,,,,,,,,
"CSX Transportation, Inc. v. Alabama Dept. of Revenue",,,,1,1,,0,0,1,1,1,1,1,,,,,,,,,,,,,,
Walker v. Martin,,,,1,1,,1,1,1,1,1,1,1,,,,,,,,,,,,,,
"Williamson v. Mazda Motor of America, Inc.",,,,1,1,,0.5,1,1,1,1,1,1,,,,,,,,,,,,,,
Michigan v. Bryant,,,,0,1,,0.5,0,1,1,1,1,1,,,,,,,,,,,,,,
FCC v. AT&T Inc.,,,,1,1,,1,1,1,1,1,1,1,,,,,,,,,,,,,,
Staub v. Proctor Hospital,,,,1,1,,0.5,1,1,1,0.5,1,1,,,,,,,,,,,,,,
Henderson v. Shinseki,,,,1,1,,1,1,1,1,1,1,1,,,,,,,,,,,,,,
Snyder v. Phelps,,,,1,1,,1,1,1,1,0,1,1,,,,,,,,,,,,,,
Pepper v. United States,,,,1,1,,0,1,1,1,1,1,1,,,,,,,,,,,,,,
Skinner v. Switzer,,,,1,0,,0,1,1,1,0,1,1,,,,,,,,,,,,,,
Wall v. Kholi,,,,1,1,,1,1,1,1,1,1,1,,,,,,,,,,,,,,
Milner v. Department of Navy,,,,1,1,,1,1,0,1,1,1,1,,,,,,,,,,,,,,
Felkner v. Jackson,,,,1,1,,1,1,1,1,1,1,1,,,,,,,,,,,,,,
Kasten v. Saint-Gobain Performance Plastics Corp.,,,,0,1,,0,1,1,1,1,1,1,,,,,,,,,,,,,,
"Matrixx Initiatives, Inc. v. Siracusano",,,,1,1,,1,1,1,1,1,1,1,,,,,,,,,,,,,,
Connick v. Thompson,,,,1,1,,1,0,0,1,1,0,0,,,,,,,,,,,,,,
"Astra USA, Inc. v. Santa Clara County",,,,1,1,,1,1,1,1,1,1,1,,,,,,,,,,,,,,
#NAME?,,,,1,1,,1,1,1,1,1,1,1,,,,,,,,,,,,,,
Arizona Christian School Tuition Organization v. Winn,,,,1,1,,1,0,0,1,1,0,0,,,,,,,,,,,,,,
Cullen v. Pinholster,,,,1,1,,1,1,1,1,1,0,1,,,,,,,,,,,,,,
Virginia Office for Protection and Advocacy v. Stewart,,,,1,1,,1,1,1,0,0,1,1,,,,,,,,,,,,,,
Sossamon v. Texas,,,,1,1,,1,1,0,1,1,0,0,,,,,,,,,,,,,,
United States v. Tohono Oäó»odham Nation,,,,1,1,,1,0,0.5,1,1,0.5,0.5,,,,,,,,,,,,,,
AT&T Mobility v. Concepcion,,,,1,1,,1,0,0,1,1,0,0,,,,,,,,,,,,,,
Montana v. Wyoming,,,,0,1,,1,1,1,1,1,1,1,,,,,,,,,,,,,,
Bobby v. Mitts,,,,1,1,,1,1,1,1,1,1,1,,,,,,,,,,,,,,
Schindler Elevator Corp. v. United States ex rel. Kirk,,,,1,1,,1,0,0,1,1,0,0,,,,,,,,,,,,,,
CIGNA Corp. v. Amara,,,,0.5,1,,0.5,1,1,1,1,1,1,,,,,,,,,,,,,,
Kentucky v. King,,,,1,1,,1,0,1,1,1,1,1,,,,,,,,,,,,,,
General Dynamics Corp. v. United States,,,,1,1,,1,1,1,1,1,1,1,,,,,,,,,,,,,,
Brown v. Plata,,,,0,1,,0,1,1,0,0,1,1,,,,,,,,,,,,,,
Chamber of Commerce of United States of America v. Whiting,,,,1,1,,1,0,0,1,1,0,0,,,,,,,,,,,,,,
United States v. Tinklenberg,,,,1,1,,1,1,1,1,1,1,1,,,,,,,,,,,,,,
Fowler v. United States,,,,0.5,1,,1,0,1,1,0,1,1,,,,,,,,,,,,,,
Camreta v. Greene,,,,1,0,,0,1,0.5,1,1,0.5,1,,,,,,,,,,,,,,
Ashcroft v. al-Kidd,,,,1,1,,1,0.5,0.5,1,1,0.5,0.5,,,,,,,,,,,,,,
"Global-Tech Appliances, Inc. v. SEB S. A.",,,,1,0,,1,1,1,1,1,1,1,,,,,,,,,,,,,,
"article=Board of Trustees of Leland Stanford Junior Univ. v. Roche Molecular Systems, Inc.",,,,1,1,,1,0,0,1,1,1,1,,,,,,,,,,,,,,
"Erica P. John Fund, Inc. v. Halliburton Co.",,,,1,1,,1,1,1,1,1,1,1,,,,,,,,,,,,,,
McNeill v. United States,,,,1,1,,1,1,1,1,1,1,1,,,,,,,,,,,,,,
Fox v. Vice,,,,1,1,,1,1,1,1,1,1,1,,,,,,,,,,,,,,
Sykes v. United States,,,,0,1,,0.5,0,1,1,1,1,0,,,,,,,,,,,,,,
"Talk America, Inc. v. Michigan Bell Telephone Co.",,,,1,1,,1,1,1,1,1,1,1,,,,,,,,,,,,,,
DePierre v. United States,,,,1,1,,1,1,1,1,1,1,1,,,,,,,,,,,,,,
Microsoft Corp. v. i4i Ltd. Partnership,,,,1,1,,0.5,1,1,1,1,1,1,,,,,,,,,,,,,,
Nevada Commäó»n on Ethics v. Carrigan,,,,1,1,,1,1,1,1,0.5,1,1,,,,,,,,,,,,,,
"Janus Capital Group, Inc. v. First Derivative Traders",,,,1,1,,1,0,0,1,1,0,0,,,,,,,,,,,,,,
United States v. Jicarilla Apache Nation,,,,1,1,,1,0.5,0.5,1,1,0,0,,,,,,,,,,,,,,
#NAME?,,,,1,1,,1,1,1,1,1,1,1,,,,,,,,,,,,,,
article=Bond v. United States (2011),,,,1,1,,1,1,1,1,1,1,1,,,,,,,,,,,,,,
display=Davis v. United States,,,,1,1,,1,0,0,1,1,0.5,1,,,,,,,,,,,,,,
J. D. B. v. North Carolina,,,,0,1,,0,1,1,0,0,1,1,,,,,,,,,,,,,,
Smith v. Bayer Corp.,,,,1,1,,1,1,1,1,1,1,1,,,,,,,,,,,,,,
Tapia v. United States,,,,1,1,,1,1,1,1,1,1,1,,,,,,,,,,,,,,
"Wal-Mart Stores, Inc. v. Dukes",,,,1,1,,1,1,1,1,1,1,1,,,,,,,,,,,,,,
Borough of Duryea v. Guarnieri,,,,0,1,,0.5,1,1,1,1,1,1,,,,,,,,,,,,,,
American Elec. Power Co. v. Connecticut,,,,1,1,,0.5,1,1,1,0.5,0.5,1,,,,,,,,,,,,,,
Turner v. Rogers,,,,0,1,,0,1,1,0,0,1,1,,,,,,,,,,,,,,
Stern v. Marshall,,,,1,1,,1,0,0,1,1,0,0,,,,,,,,,,,,,,
Freeman v. United States,,,,0,0,,0,1,1,0,0,0.5,1,,,,,,,,,,,,,,
Sorrell v. IMS Health Inc.,,,,1,1,,1,0,0,1,1,1,0,,,,,,,,,,,,,,
"PLIVA, Inc. v. Mensing",,,,1,1,,1,0,0,1,1,0,0,,,,,,,,,,,,,,
Bullcoming v. New Mexico,,,,1,0,,1,1,0,0,0,1,1,,,,,,,,,,,,,,
"CSX Transp., Inc. v. McBride",,,,0,0,,1,1,1,0,0,1,1,,,,,,,,,,,,,,
Arizona Free Enterprise Club's Freedom Club PAC v. Bennett,,,,1,1,,1,0,0,1,1,0,0,,,,,,,,,,,,,,
Brown v. Entertainment Merchants Assn.,,,,1,1,,0,1,0,0.5,0.5,1,1,,,,,,,,,,,,,,
"J. McIntyre Machinery, Ltd. v. Nicastro",,,,1,1,,1,0,0.5,1,0.5,0,0,,,,,,,,,,,,,,
"Goodyear Dunlop Tires Operations, S. A. v. Brown",,,,1,1,,1,1,1,1,1,1,1,,,,,,,,,,,,,,
display=United States v. Juvenile Male,,,,1,1,,1,1,1,1,1,1,1,,,,,,,,,,,,,,
display=Leal Garcia v. Texas,,,,1,1,,1,0,0,1,1,0,0,,,,,,,,,,,,,,
Cavazos v. Smith,,,,1,1,,1,0,0,1,1,0,1,,,,,,,,,,,,,,
KPMG LLP v. Cocchi,,,,1,1,,1,1,1,1,1,1,1,,,,,,,,,,,,,,
Bobby v. Dixon,,,,1,1,,1,1,1,1,1,1,1,,,,,,,,,,,,,,
Greene v. Fisher,,,,1,1,,1,1,1,1,1,1,1,,,,,,,,,,,,,,
Judulang v. Holder,,,,1,1,,1,1,1,1,1,1,1,,,,,,,,,,,,,,
Hardy v. Cross,,,,1,1,,1,1,1,1,1,1,1,,,,,,,,,,,,,,
Smith v. Cain,,,,1,1,,0,1,1,1,1,1,1,,,,,,,,,,,,,,
CompuCredit Corp. v. Greenwood,,,,1,1,,1,0,1,1,1,0.5,0.5,,,,,,,,,,,,,,
Minneci v. Pollard,,,,1,1,,1,0,1,1,1,1,1,,,,,,,,,,,,,,
Gonzalez v. Thaler,,,,0,1,,1,1,1,1,1,1,1,,,,,,,,,,,,,,
article=Hosanna-Tabor Evangelical Lutheran Church and School v. EEOC,,,,1,1,,1,1,1,1,1,1,1,,,,,,,,,,,,,,
"Pacific Operators Offshore, LLP v. Valladolid",,,,0.5,1,,1,1,1,1,0.5,1,1,,,,,,,,,,,,,,
Perry v. New Hampshire,,,,1,1,,1,1,1,1,1,0,1,,,,,,,,,,,,,,
Maples v. Thomas,,,,0,1,,0,1,1,1,1,1,1,,,,,,,,,,,,,,
Golan v. Holder,,,,1,1,,1,1,0,1,0,1,1,,,,,,,,,,,,,,
"Mims v. Arrow Financial Services, LLC",,,,1,1,,1,1,1,1,1,1,1,,,,,,,,,,,,,,
Perry v. Perez,,,,1,1,,1,1,1,1,1,1,1,,,,,,,,,,,,,,
article=United States v. Jones (2012),,,,1,1,,1,0.5,0.5,1,0.5,1,0.5,,,,,,,,,,,,,,
article=Reynolds v. United States (2012),,,,0,1,,1,0,1,1,1,1,1,,,,,,,,,,,,,,
National Meat Assn. v. Harris,,,,1,1,,1,1,1,1,1,1,1,,,,,,,,,,,,,,
Ryburn v. Huff,,,,1,1,,1,1,1,1,1,1,1,,,,,,,,,,,,,,
Kawashima v. Holder,,,,1,1,,1,0,0,1,1,1,0,,,,,,,,,,,,,,
Howes v. Fields,,,,1,1,,1,0,0,1,1,0,1,,,,,,,,,,,,,,
Wetzel v. Lambert,,,,1,1,,1,0,0,1,1,1,0,,,,,,,,,,,,,,
"Marmet Health Care Center, Inc. v. Brown",,,,1,1,,1,1,1,1,1,1,1,,,,,,,,,,,,,,
Messerschmidt v. Millender,,,,1,1,,1,0,1,1,1,0,0,,,,,,,,,,,,,,
"PPL Montana, LLC v. Montana",,,,1,1,,1,1,1,1,1,1,1,,,,,,,,,,,,,,
"Douglas v. Independent Living Center of Southern Cal., Inc.",,,,0,1,,0,1,1,0,0,1,1,,,,,,,,,,,,,,
Kurns v. Railroad Friction Products Corp.,,,,1,1,,1,0,0,1,1,0,1,,,,,,,,,,,,,,
Martel v. Claire,,,,1,1,,1,1,1,1,1,1,1,,,,,,,,,,,,,,
Martinez v. Ryan,,,,0,1,,0,1,1,1,1,1,1,,,,,,,,,,,,,,
Coleman v. Court of Appeals of Md.,,,,0.5,0.5,,1,0,0,1,1,0,0,,,,,,,,,,,,,,
"display=Mayo Collaborative Servs. v. Prometheus Lab., Inc.",,,,1,1,,1,1,1,1,1,1,1,,,,,,,,,,,,,,
"Roberts v. Sea-Land Services, Inc.",,,,1,1,,1,0,1,1,1,1,1,,,,,,,,,,,,,,
Sackett v. EPA,,,,1,1,,1,1,1,1,1,1,1,,,,,,,,,,,,,,
Missouri v. Frye,,,,0,1,,0,1,1,0,0,1,1,,,,,,,,,,,,,,
Lafler v. Cooper,,,,0,1,,0,1,1,0,0,1,1,,,,,,,,,,,,,,
Zivotofsky v. Clinton,,,,1,1,,1,1,0.5,1,0.5,0.5,1,,,,,,,,,,,,,,
Credit Suisse Securities (USA) LLC v. Simmonds,,,,1,1,,1,1,1,1,1,1,1,,,,,,,,,,,,,,
Setser v. United States,,,,1,0,,1,0,0,1,1,1,1,,,,,,,,,,,,,,
Vartelas v. Holder,,,,0,1,,0,1,1,1,0,1,1,,,,,,,,,,,,,,
FAA v. Cooper,,,,1,1,,1,0,0,1,1,0,0,,,,,,,,,,,,,,
Florence v. Board of Chosen Freeholders of County of Burlington,,,,1,1,,1,0,0,1,1,0,0,,,,,,,,,,,,,,
Rehberg v. Paulk,,,,1,1,,1,1,1,1,1,1,1,,,,,,,,,,,,,,
#NAME?,,,,1,1,,1,1,1,1,1,1,1,,,,,,,,,,,,,,
Filarsky v. Delia,,,,1,1,,1,1,1,1,1,1,1,,,,,,,,,,,,,,
"Caraco Pharmaceutical Laboratories, Ltd. v. Novo Nordisk A/S",,,,1,1,,1,1,1,1,1,1,1,,,,,,,,,,,,,,
Kappos v. Hyatt,,,,1,1,,1,1,1,1,1,1,1,,,,,,,,,,,,,,
Mohamad v. Palestinian Authority,,,,1,1,,1,1,1,1,1,1,1,,,,,,,,,,,,,,
Wood v. Milyard,,,,0.5,1,,0.5,1,1,1,1,1,1,,,,,,,,,,,,,,
"United States v. Home Concrete & Supply, LLC",,,,1,0,,1,0,0,1,1,0,0,,,,,,,,,,,,,,
Hall v. United States,,,,1,0,,1,0,0,1,1,1,0,,,,,,,,,,,,,,
Astrue v. Capato,,,,1,1,,1,1,1,1,1,1,1,,,,,,,,,,,,,,
"Taniguchi v. Kan Pacific Saipan, Ltd.",,,,1,1,,1,0,0,1,1,0,1,,,,,,,,,,,,,,
Holder v. Martinez Gutierrez,,,,1,1,,1,1,1,1,1,1,1,,,,,,,,,,,,,,
Blueford v. Arkansas,,,,1,1,,1,0,1,1,1,0,0,,,,,,,,,,,,,,
"Freeman v. Quicken Loans, Inc.",,,,1,1,,1,1,1,1,1,1,1,,,,,,,,,,,,,,
"RadLAX Gateway Hotel, LLC v. Amalgamated Bank",,,,1,1,,1,1,1,1,1,1,1,,,,,,,,,,,,,,
Coleman v. Johnson,,,,1,1,,1,1,1,1,1,1,1,,,,,,,,,,,,,,
Reichle v. Howards,,,,1,1,,1,0.5,0.5,1,1,1,1,,,,,,,,,,,,,,
Armour v. Indianapolis,,,,0,1,,1,1,1,0,0,1,1,,,,,,,,,,,,,,
Elgin v. Department of Treasury,,,,1,1,,1,0,1,1,0,1,0,,,,,,,,,,,,,,
Parker v. Matthews,,,,1,1,,1,1,1,1,1,1,1,,,,,,,,,,,,,,
Williams v. Illinois,,,,0,1,,0.5,0,1,1,1,0,0,,,,,,,,,,,,,,
Christopher v. SmithKline Beecham Corp.,,,,1,1,,1,0,0,1,1,0,0,,,,,,,,,,,,,,
Salazar v. Ramah Navajo Chapter,,,,1,1,,1,0,0,0,0,1,1,,,,,,,,,,,,,,
article=Match-E-Be-Nash-She-Wish Band of Pottawatomi Indians v. Patchak,,,,1,1,,1,1,1,1,1,0,1,,,,,,,,,,,,,,
"display=FCC v. Fox Television Stations, Inc.",,,,1,1,,1,0.5,1,1,1,1,1,,,,,,,,,,,,,,
Dorsey v. United States,,,,0,1,,0,1,1,0,0,1,1,,,,,,,,,,,,,,
Knox v. Service Employees,,,,1,1,,1,0.5,0,1,1,0.5,0,,,,,,,,,,,,,,
Southern Union Co. v. United States,,,,1,0,,1,1,0,1,0,1,1,,,,,,,,,,,,,,
Arizona v. United States,,,,0,1,,0,1,1,1,0,1,1,,,,,,,,,,,,,,
Miller v. Alabama,,,,0,1,,0,1,1,0,0,1,1,,,,,,,,,,,,,,
"American Tradition Partnership, Inc. v. Bullock",,,,1,1,,1,0,0,1,1,0,0,,,,,,,,,,,,,,
National Federation of Independent Business v. Sebelius,,,,0,0,,0,1,1,0,0,1,1,,,,,,,,,,,,,,
United States v. Alvarez,,,,0,0,,0,1,0.5,1,0,1,0.5,,,,,,,,,,,,,,
#NAME?,,,,1,1,,1,1,1,1,1,1,1,,,,,,,,,,,,,,
Tennant v. Jefferson County,,,,1,1,,1,1,1,1,1,1,1,,,,,,,,,,,,,,
Lefemine v. Wideman,,,,1,1,,1,1,1,1,1,1,1,,,,,,,,,,,,,,
United States v. Bormes,,,,1,1,,1,1,1,1,1,1,1,,,,,,,,,,,,,,
"Nitro-Lift Technologies, L. L. C. v. Howard",,,,1,1,,1,1,1,1,1,1,1,,,,,,,,,,,,,,
article=Arkansas Game and Fish Commission v. United States,,,,1,1,,1,1,1,1,1,1,1,,,,,,,,,,,,,,
Kloeckner v. Solis,,,,1,1,,1,1,1,1,1,1,1,,,,,,,,,,,,,,
Ryan v. Valencia Gonzales,,,,1,1,,1,1,1,1,1,1,1,,,,,,,,,,,,,,
article=Los Angeles County Flood Control District v. NRDC,,,,1,1,,1,1,1,1,0.5,1,1,,,,,,,,,,,,,,
"Already, LLC v. Nike, Inc.",,,,1,1,,1,1,1,1,1,1,1,,,,,,,,,,,,,,
article=Smith v. United States (2013),,,,1,1,,1,1,1,1,1,1,1,,,,,,,,,,,,,,
Lozman v. Riviera Beach,,,,1,0,,1,1,1,1,1,0,1,,,,,,,,,,,,,,
Sebelius v. Auburn Regional Medical Center,,,,1,1,,1,1,1,1,1,1,1,,,,,,,,,,,,,,
Chafin v. Chafin,,,,1,1,,1,1,1,1,1,1,1,,,,,,,,,,,,,,
article=Bailey v. United States (2013),,,,1,1,,0,1,0,1,0,1,1,,,,,,,,,,,,,,
"FTC v. Phoebe Putney Health System, Inc.",,,,1,1,,1,1,1,1,1,1,1,,,,,,,,,,,,,,
Florida v. Harris,,,,1,1,,1,1,1,1,1,1,1,,,,,,,,,,,,,,
Gunn v. Minton,,,,1,1,,1,1,1,1,1,1,1,,,,,,,,,,,,,,
article=Henderson v. United States (2013),,,,0,1,,0,1,1,1,0,1,1,,,,,,,,,,,,,,
Johnson v. Williams,,,,0.5,1,,1,1,1,1,1,1,1,,,,,,,,,,,,,,
Evans v. Michigan,,,,1,1,,1,1,1,1,0,1,1,,,,,,,,,,,,,,
Chaidez v. United States,,,,1,1,,0.5,0,1,1,1,0,1,,,,,,,,,,,,,,
Marx v. General Revenue Corp.,,,,1,1,,1,1,1,1,1,0,0,,,,,,,,,,,,,,
Clapper v. Amnesty International USA,,,,1,1,,1,0,0,1,1,0,0,,,,,,,,,,,,,,
Gabelli v. SEC,,,,1,1,,1,1,1,1,1,1,1,,,,,,,,,,,,,,
Amgen Inc. v. Connecticut Retirement Plans and Trust Funds,,,,0,0,,0,1,1,1,1,1,1,,,,,,,,,,,,,,
Levin v. United States,,,,1,1,,1,1,1,1,1,1,1,,,,,,,,,,,,,,
"Kirtsaeng v. John Wiley & Sons, Inc.",,,,0,0,,1,0,1,1,1,1,1,,,,,,,,,,,,,,
Standard Fire Ins. Co. v. Knowles,,,,1,1,,1,1,1,1,1,1,1,,,,,,,,,,,,,,
Decker v. Northwest Environmental Defense Center,,,,1,1,,1,1,1,1,1,1,1,,,,,,,,,,,,,,
Wos v. E. M. A.,,,,0,1,,0,1,1,0,1,1,1,,,,,,,,,,,,,,
Florida v. Jardines,,,,1,0,,1,1,0,0,0,1,1,,,,,,,,,,,,,,
Comcast Corp. v. Behrend,,,,1,1,,1,,0,1,1,0,0,,,,,,,,,,,,,,
Millbrook v. United States,,,,1,1,,1,1,1,1,1,1,1,,,,,,,,,,,,,,
Marshall v. Rodgers,,,,1,1,,1,1,1,1,1,1,1,,,,,,,,,,,,,,
Genesis HealthCare Corp. v. Symczyk,,,,1,1,,1,0,0,1,1,0,0,,,,,,,,,,,,,,
"US Airways, Inc. v. McCutchen",,,,0,1,,0,1,1,0,0,1,1,,,,,,,,,,,,,,
Kiobel v. Royal Dutch Petroleum Co.,,,,1,1,,1,0.5,0.5,1,1,0.5,0.5,,,,,,,,,,,,,,
Missouri v. McNeely,,,,1,1,,0,1,0,0,0,0,1,,,,,,,,,,,,,,
Moncrieffe v. Holder,,,,1,1,,0,1,1,1,0,1,1,,,,,,,,,,,,,,
McBurney v. Young,,,,1,1,,1,1,1,1,1,1,1,,,,,,,,,,,,,,
Boyer v. Louisiana,,,,1,1,,1,0,0,1,1,0,0,,,,,,,,,,,,,,
"Dan's City Used Cars, Inc. v. Pelkey",,,,1,1,,1,1,1,1,1,1,1,,,,,,,,,,,,,,
"Bullock v. BankChampaign, N. A.",,,,1,1,,1,1,1,1,1,1,1,,,,,,,,,,,,,,
Bowman v. Monsanto Co.,,,,1,1,,1,1,1,1,1,1,1,,,,,,,,,,,,,,
Arlington v. FCC,,,,1,0,,1,1,0.5,0,0,1,1,,,,,,,,,,,,,,
PPL Corp. v. Commissioner,,,,1,1,,1,1,1,1,1,1,1,,,,,,,,,,,,,,
Metrish v. Lancaster,,,,1,1,,1,1,1,1,1,1,1,,,,,,,,,,,,,,
Sebelius v. Cloer,,,,1,1,,1,1,1,1,1,1,1,,,,,,,,,,,,,,
McQuiggin v. Perkins,,,,0,1,,0,1,1,0,0,1,1,,,,,,,,,,,,,,
Trevino v. Thaler,,,,0,1,,0,1,1,0,0,1,1,,,,,,,,,,,,,,
Maryland v. King,,,,0,1,,1,0,1,1,1,0,0,,,,,,,,,,,,,,
Hillman v. Maretta,,,,1,1,,0.5,1,1,1,0.5,1,1,,,,,,,,,,,,,,
Nevada v. Jackson,,,,1,1,,1,1,1,1,1,1,1,,,,,,,,,,,,,,
Horne v. Department of Agriculture,,,,1,1,,1,1,1,1,1,1,1,,,,,,,,,,,,,,
Peugh v. United States,,,,0,1,,0,1,1,0,0,0,1,,,,,,,,,,,,,,
Oxford Health Plans LLC v. Sutter,,,,1,1,,1,1,1,1,1,1,1,,,,,,,,,,,,,,
"Association for Molecular Pathology v. Myriad Genetics, Inc.",,,,1,1,,1,1,1,1,1,1,1,,,,,,,,,,,,,,
United States v. Davila,,,,0.5,1,,0.5,1,1,1,1,1,1,,,,,,,,,,,,,,
Tarrant Regional Water Dist. v. Herrmann,,,,1,1,,1,1,1,1,1,1,1,,,,,,,,,,,,,,
"American Trucking Assns., Inc. v. Los Angeles",,,,1,1,,1,1,1,1,1,1,1,,,,,,,,,,,,,,
"Arizona v. Inter Tribal Council of Ariz., Inc.",,,,1,1,,0,1,1,1,0,1,1,,,,,,,,,,,,,,
Maracich v. Spears,,,,0,1,,1,0,1,1,1,0,0,,,,,,,,,,,,,,
Alleyne v. United States,,,,0,0,,0,1,1,0,0,1,1,,,,,,,,,,,,,,
"FTC v. Actavis, Inc.",,,,0,1,,0,1,1,0,1,1,1,,,,,,,,,,,,,,
Salinas v. Texas,,,,0.5,1,,0.5,0,0,1,0,0,0,,,,,,,,,,,,,,
"article=Agency for International Development v. Alliance for Open Society International, Inc.",,,,0,1,,0,1,1,1,1,1,1,,,,,,,,,,,,,,
American Express Co. v. Italian Colors Restaurant,,,,1,1,,1,0,0,1,1,1,0,,,,,,,,,,,,,,
Descamps v. United States,,,,1,1,,0.5,1,1,1,0,1,1,,,,,,,,,,,,,,
Fisher v. University of Texas at Austin,,,,1,1,,1,0,1,1,1,1,1,,,,,,,,,,,,,,
University of Tex. Southwestern Medical Center v. Nassar,,,,1,1,,1,0,0,1,1,0,0,,,,,,,,,,,,,,
United States v. Kebodeaux,,,,0,1,,0,1,1,0.5,0.5,1,1,,,,,,,,,,,,,,
Vance v. Ball State University,,,,1,1,,1,0,0,1,1,0,0,,,,,,,,,,,,,,
Mutual Pharmaceutical Co. v. Bartlett,,,,1,1,,1,0,0,1,1,0,0,,,,,,,,,,,,,,
Ryan v. Schad,,,,1,1,,1,1,1,1,1,1,1,,,,,,,,,,,,,,
Shelby County v. Holder,,,,1,1,,1,0,0,1,1,0,0,,,,,,,,,,,,,,
article=Koontz v. St. Johns River Water Management District,,,,1,1,,1,0,0,1,1,0,0,,,,,,,,,,,,,,
Adoptive Couple v. Baby Girl,,,,0,1,,1,0,1,1,1,0,0,,,,,,,,,,,,,,
Hollingsworth v. Perry,,,,1,0,,0,1,1,1,0,0,1,,,,,,,,,,,,,,
Sekhar v. United States,,,,1,0.5,,1,1,1,1,0.5,0.5,1,,,,,,,,,,,,,,
United States v. Windsor,,,,0,1,,0,1,1,0,0,1,1,,,,,,,,,,,,,,
#NAME?,,,,1,1,,1,1,1,1,1,1,1,,,,,,,,,,,,,,
Stanton v. Sims,,,,1,1,,1,1,1,1,1,1,1,,,,,,,,,,,,,,
Burt v. Titlow,,,,1,1,,1,0.5,1,1,1,1,1,,,,,,,,,,,,,,
Ford Motor Co. v. United States,,,,1,1,,1,1,1,1,1,1,1,,,,,,,,,,,,,,
United States v. Woods,,,,1,1,,1,1,1,1,1,1,1,,,,,,,,,,,,,,
article=Atlantic Marine Constr. Co. v. United States Dist. Court for Western Dist. of Tex.,,,,1,1,,1,1,1,1,1,1,1,,,,,,,,,,,,,,
"Sprint Communications, Inc. v. Jacobs",,,,1,1,,1,1,1,1,1,1,1,,,,,,,,,,,,,,
Unite Here Local 355 v. Mulhall,,,,1,1,,1,1,0,1,1,0,0,,,,,,,,,,,,,,
Kansas v. Cheever,,,,1,1,,1,1,1,1,1,1,1,,,,,,,,,,,,,,
Heimeshoff v. Hartford Life & Accident Ins. Co.,,,,1,1,,1,1,1,1,1,1,1,,,,,,,,,,,,,,
Daimler AG v. Bauman,,,,1,1,,1,1,1,1,1,0.5,1,,,,,,,,,,,,,,
Mississippi ex rel. Hood v. AU Optronics Corp.,,,,1,1,,1,1,1,1,1,1,1,,,,,,,,,,,,,,
article=Ray Haluch Gravel Co. v. Central Pension Fund of Operating Engineers and Participating Employers,,,,1,1,,1,1,1,1,1,1,1,,,,,,,,,,,,,,
"Medtronic, Inc. v. Mirowski Family Ventures, LLC",,,,1,1,,1,1,1,1,1,1,1,,,,,,,,,,,,,,
Burrage v. United States,,,,1,1,,1,0.5,1,1,1,0.5,1,,,,,,,,,,,,,,
Sandifer v. United States Steel Corp.,,,,1,1,,1,1,1,1,1,1,1,,,,,,,,,,,,,,
Air Wisconsin Airlines Corp. v. Hoeper,,,,1,1,,1,1,1,1,1,1,1,,,,,,,,,,,,,,
Hinton v. Alabama,,,,1,1,,1,1,1,1,1,1,1,,,,,,,,,,,,,,
Walden v. Fiore,,,,1,1,,1,1,1,1,1,1,1,,,,,,,,,,,,,,
Fernandez v. California,,,,1,1,,1,0,1,1,1,0,0,,,,,,,,,,,,,,
Kaley v. United States,,,,1,1,,1,1,0,0,1,0,1,,,,,,,,,,,,,,
United States v. Apel,,,,1,1,,1,1,1,1,1,1,1,,,,,,,,,,,,,,
Chadbourne & Parke LLP v. Troice,,,,1,0,,1,1,1,1,0,1,1,,,,,,,,,,,,,,
Law v. Siegel,,,,1,1,,1,1,1,1,1,1,1,,,,,,,,,,,,,,
Lawson v. FMR LLC,,,,1,0,,1,1,1,1,0,0,1,,,,,,,,,,,,,,
Lozano v. Montoya Alvarez,,,,1,1,,1,1,1,1,1,1,1,,,,,,,,,,,,,,
BG Group plc v. Republic of Argentina,,,,1,0,,1,1,1,0,1,1,1,,,,,,,,,,,,,,
Rosemond v. United States,,,,1,1,,0,1,1,1,0,1,1,,,,,,,,,,,,,,
Marvin M. Brandt Revocable Trust v. United States,,,,1,1,,1,1,1,1,1,0,1,,,,,,,,,,,,,,
article=Lexmark Int'l v. Static Control Components,,,,1,1,,1,1,1,1,1,1,1,,,,,,,,,,,,,,
"United States v. Quality Stores, Inc.",,,,1,1,,1,1,1,1,1,1,1,,,,,,,,,,,,,,
United States v. Castleman,,,,0.5,1,,0.5,1,1,1,0.5,1,1,,,,,,,,,,,,,,
article=McCutcheon v. Federal Election Commission,,,,1,1,,0.5,0,0,1,1,0,0,,,,,,,,,,,,,,
"Northwest, Inc. v. Ginsberg",,,,1,1,,1,1,1,1,1,1,1,,,,,,,,,,,,,,
article=Schuette v. Coalition to Defend Affirmative Action,,,,0.5,0.5,,0.5,0,0.5,1,0.5,0,0,,,,,,,,,,,,,,
Prado Navarette v. California,,,,0,1,,1,0,1,1,1,0,0,,,,,,,,,,,,,,
White v. Woodall,,,,1,1,,1,0,0,1,1,0,1,,,,,,,,,,,,,,
Paroline v. United States,,,,0,1,,0,1,1,0,1,0,1,,,,,,,,,,,,,,
"EPA v. EME Homer City Generation, L. P.",,,,0,1,,0,1,1,1,1,1,1,,,,,,,,,,,,,,
"Octane Fitness, LLC v. ICON Health & Fitness, Inc.",,,,1,1,,1,1,1,1,1,1,1,,,,,,,,,,,,,,
"Highmark Inc. v. Allcare Health Management System, Inc.",,,,1,1,,1,1,1,1,1,1,1,,,,,,,,,,,,,,
Town of Greece v. Galloway,,,,1,1,,1,0,0,1,1,0,0,,,,,,,,,,,,,,
Robers v. United States,,,,1,1,,1,1,1,1,1,1,1,,,,,,,,,,,,,,
Tolan v. Cotton,,,,0.5,1,,1,1,1,1,0.5,1,1,,,,,,,,,,,,,,
"Petrella v. Metro-Goldwyn-Mayer, Inc.",,,,1,0,,1,1,0,0,1,1,1,,,,,,,,,,,,,,
Hall v. Florida,,,,0,1,,0,1,1,0,0,1,1,,,,,,,,,,,,,,
Wood v. Moss,,,,1,1,,1,1,1,1,1,1,1,,,,,,,,,,,,,,
Plumhoff v. Rickard,,,,1,1,,1,1,1,1,1,1,1,,,,,,,,,,,,,,
Michigan v. Bay Mills Indian Community,,,,0,1,,0,0,1,1,0,1,1,,,,,,,,,,,,,,
Martinez v. Illinois,,,,1,1,,1,1,1,1,1,1,1,,,,,,,,,,,,,,
article=Bond v. United States (2014),,,,0.5,1,,0.5,1,1,1,0.5,1,1,,,,,,,,,,,,,,
"Nautilus, Inc. v. Biosig Instruments, Inc.",,,,1,1,,1,1,1,1,1,1,1,,,,,,,,,,,,,,
"Limelight Networks, Inc. v. Akamai Technologies, Inc.",,,,1,1,,1,1,1,1,1,1,1,,,,,,,,,,,,,,
CTS Corp. v. Waldburger,,,,1,1,,1,0,0,1,1,1,1,,,,,,,,,,,,,,
Executive Benefits Ins. Agency v. Arkison,,,,1,1,,1,1,1,1,1,1,1,,,,,,,,,,,,,,
Scialabba v. Cuellar de Osorio,,,,0.5,1,,0,1,0,0.5,0,0,0,,,,,,,,,,,,,,
POM Wonderful LLC v. Coca-Cola Co.,,,,1,1,,1,1,1,1,1,1,1,,,,,,,,,,,,,,
Clark v. Rameker,,,,1,1,,1,1,1,1,1,1,1,,,,,,,,,,,,,,
"Republic of Argentina v. NML Capital, Ltd.",,,,1,1,,1,0,1,1,1,1,1,,,,,,,,,,,,,,
Susan B. Anthony List v. Driehaus,,,,1,1,,1,1,1,1,1,1,1,,,,,,,,,,,,,,
Abramski v. United States,,,,0,1,,0,1,1,0,0,1,1,,,,,,,,,,,,,,
Alice Corp. v. CLS Bank Int'l,,,,1,1,,1,1,1,1,1,1,1,,,,,,,,,,,,,,
Lane v. Franks,,,,1,1,,1,1,1,1,1,1,1,,,,,,,,,,,,,,
United States v. Clarke,,,,1,1,,1,1,1,1,1,1,1,,,,,,,,,,,,,,
"Halliburton Co. v. Erica P. John Fund, Inc.",,,,0.5,1,,0.5,1,1,1,0.5,1,1,,,,,,,,,,,,,,
Utility Air Regulatory Group v. EPA,,,,1,1,,1,1,1,1,1,1,1,,,,,,,,,,,,,,
Loughrin v. United States,,,,1,1,,1,1,1,1,0.5,1,1,,,,,,,,,,,,,,
Riley v. California,,,,1,1,,1,1,1,1,0.5,1,1,,,,,,,,,,,,,,
Fifth Third Bancorp v. Dudenhoeffer,,,,1,1,,1,1,1,1,1,1,1,,,,,,,,,,,,,,
"American Broadcasting Cos. v. Aereo, Inc.",,,,0,1,,0,1,1,1,0,1,1,,,,,,,,,,,,,,
McCullen v. Coakley,,,,0.5,0.5,,0.5,1,1,1,0.5,1,1,,,,,,,,,,,,,,
NLRB v. Noel Canning,,,,0.5,1,,0.5,1,1,0.5,0.5,1,1,,,,,,,,,,,,,,
Harris v. Quinn,,,,1,1,,1,0,0,1,1,0,0,,,,,,,,,,,,,,
"Burwell v. Hobby Lobby Stores, Inc.",,,,1,1,,1,0,0,1,1,0,,,,,,,,,,,,,,,
Williams v. Johnson,,,,1,1,,1,1,1,1,1,1,1,,,,,,,,,,,,,,
Lopez v. Smith,,,,1,1,,1,1,1,1,1,1,1,,,,,,,,,,,,,,
Johnson v. City of Shelby,,,,1,1,,1,1,1,1,1,1,1,,,,,,,,,,,,,,
Carroll v. Carman,,,,1,1,,1,1,1,1,1,1,1,,,,,,,,,,,,,,
Glebe v. Frost,,,,1,1,,1,1,1,1,1,1,1,,,,,,,,,,,,,,
"Integrity Staffing Solutions, Inc. v. Busk ",,,,1,1,,1,1,1,1,1,1,1,,,,,,,,,,,,,,
Warger v. Shauers,,,,1,1,,1,1,1,1,1,1,1,,,,,,,,,,,,,,
Heien v. North Carolina,,,,1,1,,1,1,1,1,1,0,1,,,,,,,,,,,,,,
Dart Cherokee Basin Operating Co. v. Owens,,,,0,0,,0,1,1,1,1,1,0,,,,,,,,,,,,,,
"Jesinoski v. Countrywide Home Loans, Inc.",,,,1,1,,1,1,1,1,1,1,1,,,,,,,,,,,,,,
Whitfield v. United States,,,,1,1,,1,1,1,1,1,1,1,,,,,,,,,,,,,,
Jennings v. Stephens,,,,1,0,,0,1,1,1,0,1,1,,,,,,,,,,,,,,
"T-Mobile South, LLC v. City of Roswell",,,,1,1,,0,0,1,0,1,1,1,,,,,,,,,,,,,,
"Teva Pharmaceuticals USA, Inc. v. Sandoz, Inc.",,,,1,1,,0,1,1,1,0,1,1,,,,,,,,,,,,,,
Holt v. Hobbs,,,,1,1,,1,1,1,1,1,1,1,,,,,,,,,,,,,,
Christeson v. Roper,,,,1,1,,0,1,1,1,0,1,1,,,,,,,,,,,,,,
Department of Homeland Security v. MacLean,,,,1,0,,1,1,1,1,1,0,1,,,,,,,,,,,,,,
Gelboim v. Bank of America Corp.,,,,1,1,,1,1,1,1,1,1,1,,,,,,,,,,,,,,
"Hana Financial, Inc. v. Hana Bank",,,,1,1,,1,1,1,1,1,1,1,,,,,,,,,,,,,,
"M&G Polymers USA, LLC v. Tackett",,,,1,1,,1,1,1,1,1,1,1,,,,,,,,,,,,,,
Kansas v. Nebraska,,,,0,1,,0,1,1,1,0,1,1,,,,,,,,,,,,,,
North Carolina Bd. of Dental Examiners v. FTC,,,,0,1,,0,1,1,1,0,1,1,,,,,,,,,,,,,,
article=Yates v. United States (2015),,,,0,0,,0,0,1,1,0.5,1,0,,,,,,,,,,,,,,
Direct Marketing Assn. v. Brohl,,,,1,1,,1,1,1,1,1,1,1,,,,,,,,,,,,,,
"Alabama Dept. of Revenue v. CSX Transp., Inc.",,,,1,1,,0,0,1,1,1,1,1,,,,,,,,,,,,,,
article=Department of Transportation v. Association of American Railroads,,,,1,1,,0.5,1,1,1,1,1,1,,,,,,,,,,,,,,
Perez v. Mortgage Bankers Assn.,,,,0.5,1,,0.5,1,1,1,1,1,1,,,,,,,,,,,,,,
"B&B Hardware, Inc. v. Hargis Industries, Inc.",,,,0,1,,0,1,1,1,1,1,1,,,,,,,,,,,,,,
"article=Omnicare, Inc. v. Laborers Dist. Council Constr. Industry Pension Fund",,,,0.5,1,,0.5,1,1,1,1,1,1,,,,,,,,,,,,,,
"Young v. United Parcel Service, Inc.",,,,0,0,,0,1,1,1,0.5,1,1,,,,,,,,,,,,,,
Alabama Legislative Black Caucus v. Alabama,,,,0,1,,0,1,1,0,0,1,1,,,,,,,,,,,,,,
Grady v. North Carolina,,,,1,1,,1,1,1,1,1,1,1,,,,,,,,,,,,,,
Woods v. Donald,,,,1,1,,1,1,1,1,1,1,1,,,,,,,,,,,,,,
"Armstrong v. Exceptional Child Center, Inc.",,,,1,0,,1,0,1,1,1,0,0,,,,,,,,,,,,,,
Rodriguez v. United States,,,,1,0,,0,1,1,1,0,1,1,,,,,,,,,,,,,,
"Oneok, Inc. v. Learjet, Inc.",,,,0,1,,1,1,1,0,1,1,1,,,,,,,,,,,,,,
United States v. Kwai Fun Wong,,,,0,1,,0,1,1,0,0,1,1,,,,,,,,,,,,,,
Williams-Yulee v. Florida Bar,,,,0,0,,0,1,1,1,0,1,1,,,,,,,,,,,,,,
"Mach Mining, LLC v. EEOC",,,,1,1,,1,1,1,1,1,1,1,,,,,,,,,,,,,,
Bullard v. Blue Hills Bank,,,,1,1,,1,1,1,1,1,1,1,,,,,,,,,,,,,,
Harris v. Viegelahn,,,,1,1,,1,1,1,1,1,1,1,,,,,,,,,,,,,,
Tibble v. Edison Int'l,,,,1,1,,1,1,1,1,1,1,1,,,,,,,,,,,,,,
Coleman v. Tollefson,,,,1,1,,1,1,1,1,1,1,1,,,,,,,,,,,,,,
Comptroller of Treasury of Md. v. Wynne,,,,0,1,,0,0,1,1,1,1,0,,,,,,,,,,,,,,
City and County of San Francisco v. Sheehan,,,,0,1,,1,1,1,1,1,1,0,,,,,,,,,,,,,,
article=Henderson v. United States (2015),,,,1,1,,1,1,1,1,1,1,1,,,,,,,,,,,,,,
"Commil USA, LLC v. Cisco Systems, Inc.",,,,0,1,,1,1,1,0,1,1,1,,,,,,,,,,,,,,
"Kellogg Brown & Root Services, Inc. v. United States ex rel. Carter",,,,1,1,,1,1,1,1,1,1,1,,,,,,,,,,,,,,
"Wellness Int'l Network, Ltd. v. Sharif",,,,0,1,,0,1,1,0,1,1,1,,,,,,,,,,,,,,
Elonis v. United States,,,,1,1,,0,1,1,1,0,1,1,,,,,,,,,,,,,,
"EEOC v. Abercrombie & Fitch Stores, Inc.",,,,1,1,,0,1,1,1,0.5,1,1,,,,,,,,,,,,,,
"Bank of America, N. A. v. Caulkett",,,,1,1,,1,1,1,1,1,1,1,,,,,,,,,,,,,,
Mellouli v. Lynch,,,,1,1,,0,1,1,1,0,1,1,,,,,,,,,,,,,,
Taylor v. Barkes,,,,1,1,,1,1,1,1,1,1,1,,,,,,,,,,,,,,
Zivotofsky v. Kerry,,,,0,1,,0,1,1,0,0,1,1,,,,,,,,,,,,,,
Kerry v. Din,,,,1,0.5,,0.5,0,0,1,0.5,0,0,,,,,,,,,,,,,,
Baker Botts L.L.P. v. ASARCO LLC,,,,1,1,,1,0,0,1,1,1,0,,,,,,,,,,,,,,
Reyes Mata v. Lynch,,,,1,1,,0,1,1,1,1,1,1,,,,,,,,,,,,,,
Reed v. Town of Gilbert,,,,1,1,,1,0.5,0.5,1,1,1,0.5,,,,,,,,,,,,,,
McFadden v. United States,,,,1,1,,1,1,1,0.5,1,1,1,,,,,,,,,,,,,,
"Walker v. Texas Div., Sons of Confederate Veterans, Inc.",,,,0,0,,1,1,1,0,0,1,1,,,,,,,,,,,,,,
Ohio v. Clark,,,,0.5,1,,0.5,0.5,1,1,1,1,1,,,,,,,,,,,,,,
Davis v. Ayala,,,,1,1,,1,0,0,1,1,0,0,,,,,,,,,,,,,,
Brumfield v. Cain,,,,0,1,,0,1,1,0,0,1,1,,,,,,,,,,,,,,
Horne v. Department of Agriculture,,,,1,1,,1,1,1,1,1,0,1,,,,,,,,,,,,,,
Kingsley v. Hendrickson,,,,0,1,,0,1,1,0,0,1,1,,,,,,,,,,,,,,
Los Angeles v. Patel,,,,0,1,,0,1,1,0,0,1,1,,,,,,,,,,,,,,
"Kimble v. Marvel Entertainment, LLC",,,,1,1,,0,1,1,0,0,1,1,,,,,,,,,,,,,,
King v. Burwell,,,,0,1,,0,1,1,1,0,1,1,,,,,,,,,,,,,,
"Texas Dept. of Housing and Community Affairs v. Inclusive Communities Project, Inc.",,,,0,1,,0,1,1,0,0,1,1,,,,,,,,,,,,,,
article=Johnson v. United States (2015),,,,1,0.5,,0.5,1,1,1,0,1,1,,,,,,,,,,,,,,
Obergefell v. Hodges,,,,0,1,,0,1,1,0,0,1,1,,,,,,,,,,,,,,
Michigan v. EPA,,,,1,1,,1,0,0,1,1,0,0,,,,,,,,,,,,,,
Arizona State Legislature v. Arizona Independent Redistricting Comm'n,,,,0,1,,0,1,1,0,0,1,1,,,,,,,,,,,,,,
Glossip v. Gross,,,,1,1,,1,0,0,1,1,0,0,,,,,,,,,,,,,,